id,Predictions
13102,1
19586,1
29215,1
23331,1
31935,1
19745,1
3657,1
13662,1
23178,1
6553,1
9076,1
2625,1
26464,1
17083,1
4084,1
23038,1
24302,1
1803,1
3391,1
24463,1
16386,1
11533,1
23709,1
17844,1
10889,1
21318,1
9430,1
3748,1
30330,1
18819,1
1923,1
14815,1
6061,1
29950,1
12993,1
10820,1
23561,1
16555,1
20954,1
25228,1
28364,1
8900,1
19680,1
27494,1
31608,1
31901,1
20766,1
9116,1
24440,1
23164,1
1068,1
318,1
23782,1
1407,1
22556,1
11773,1
19141,1
18703,1
75,1
15684,1
17673,1
1788,1
16901,1
9959,1
7061,1
8328,1
2110,1
5217,1
14722,1
9406,1
25499,1
20959,1
17813,1
811,1
26246,1
30605,1
15168,1
833,1
1100,1
28157,1
25922,1
21192,1
1327,1
16514,1
31945,1
268,1
24810,1
24369,1
7090,1
22052,1
9192,1
26630,1
21997,1
9243,1
21626,1
32212,1
6709,1
690,1
19690,1
21420,1
30390,1
18447,1
30503,1
32297,1
2215,1
6031,1
15378,1
23597,1
6135,1
2014,1
14987,1
16130,1
6436,1
2867,1
7873,1
31216,1
28409,1
18732,1
28604,1
16951,1
14302,1
27680,1
1696,1
17788,1
27518,1
21688,1
5639,1
10528,1
28453,1
9944,1
15292,1
7745,1
7904,1
9331,1
22320,1
28225,1
17447,1
16276,1
23735,1
6460,1
3361,1
10946,1
11682,1
11680,1
14307,1
9319,1
24542,1
16232,1
10966,1
24291,1
24442,1
31128,1
5915,1
23170,1
28756,1
17740,1
8356,1
4256,1
31775,1
20493,1
20926,1
23365,1
32166,1
14560,1
4720,1
2911,1
31265,1
5907,1
27884,1
28482,1
23108,1
8358,1
32045,1
30173,1
27522,1
14579,1
11117,1
23484,1
24427,1
651,1
24073,1
9463,1
18404,1
31152,1
5434,1
24241,1
27378,1
13977,1
6750,1
5662,1
2248,1
28933,1
8494,1
32419,1
9826,1
25255,1
17324,1
22969,1
25954,1
4853,1
13244,1
2426,1
23255,1
4829,1
14975,1
25329,1
20158,1
13017,1
6588,1
11783,1
12279,1
2836,1
30212,1
26966,1
7694,1
17385,1
29721,1
24579,1
22739,1
30345,1
24110,1
23374,1
20999,1
18128,1
18477,1
23045,1
3408,1
10323,1
12506,1
16149,1
6904,1
10262,1
1019,1
10244,1
1653,1
17174,1
28666,1
8881,1
6755,1
24588,1
22644,1
6374,1
28361,1
9905,1
4319,1
30107,1
16305,1
32009,1
15160,1
12192,1
26213,1
10787,1
8011,1
31518,1
3902,1
5071,1
769,1
9594,1
15564,1
5866,1
10331,1
19466,1
23519,1
4058,1
19102,1
6384,1
20611,1
26338,1
9645,1
29781,1
11083,1
13746,1
23330,1
11106,1
9303,1
11167,1
22612,1
31139,1
12474,1
5644,1
5960,1
31944,1
27831,1
15198,1
2571,1
6828,1
4263,1
25267,1
6325,1
29100,1
1293,1
20174,1
20396,1
14512,1
27007,1
11673,1
17025,1
29866,1
21392,1
21403,1
3318,1
29580,1
1990,1
24612,1
26656,1
29426,1
27430,1
25056,1
13455,1
21812,1
19684,1
19414,1
2766,1
11547,1
13144,1
17797,1
16515,1
25662,1
62,1
12229,1
3158,1
18449,1
21179,1
1032,1
14983,1
10524,1
9813,1
30282,1
20087,1
21610,1
16844,1
29669,1
6388,1
10111,1
11891,1
14300,1
31816,1
10360,1
18195,1
26435,1
4241,1
3721,1
26116,1
11429,1
2010,1
24963,1
3473,1
10570,1
24136,1
15924,1
21717,1
11028,1
10798,1
21736,1
14861,1
20228,1
19018,1
11797,1
11022,1
30808,1
7970,1
20554,1
6184,1
24915,1
29090,1
603,1
2850,1
11659,1
29194,1
17208,1
2764,1
10749,1
21930,1
7879,1
27648,1
30373,1
3990,1
11152,1
26028,1
10282,1
29832,1
12664,1
325,1
5819,1
8117,1
12803,1
19455,1
28874,1
21004,1
31508,1
969,1
7717,1
18974,1
18054,1
10556,1
1841,1
44,1
27127,1
21451,1
3102,1
10895,1
5770,1
2026,1
23415,1
19294,1
612,1
5717,1
32153,1
2070,1
16340,1
31898,1
30630,1
5887,1
6660,1
9409,1
16254,1
9124,1
7615,1
6057,1
1311,1
28517,1
8626,1
23555,1
26945,1
26585,1
24739,1
19361,1
16118,1
25466,1
30434,1
19735,1
5455,1
28959,1
12211,1
2341,1
11346,1
9084,1
30986,1
1684,1
26602,1
29690,1
15962,1
28318,1
8369,1
14460,1
15052,1
15658,1
28458,1
7740,1
13439,1
30658,1
9009,1
25200,1
8040,1
8123,1
25126,1
25567,1
27820,1
23147,1
23124,1
32514,1
31620,1
6643,1
28523,1
8528,1
7630,1
24359,1
32205,1
19313,1
18295,1
19610,1
7709,1
18272,1
29080,1
11396,1
30209,1
4962,1
1705,1
11532,1
3331,1
19249,1
20915,1
17283,1
32539,1
9628,1
6881,1
29454,1
20807,1
9977,1
4488,1
5201,1
15892,1
4704,1
26098,1
5944,1
25650,1
16134,1
2359,1
23800,1
26423,1
30204,1
16369,1
16957,1
22165,1
3590,1
10330,1
18114,1
6992,1
6479,1
22910,1
29268,1
30456,1
18099,1
21953,1
1891,1
23427,1
28434,1
25308,1
11756,1
4380,1
25360,1
29364,1
22823,1
13049,1
28864,1
7581,1
14804,1
7010,1
21243,1
27768,1
26118,1
10073,1
23221,1
13550,1
27521,1
31723,1
22291,1
9383,1
16485,1
21589,1
5056,1
14715,1
6781,1
24617,1
31099,1
17220,1
29120,1
10045,1
8410,1
9394,1
10558,1
12037,1
12435,1
12666,1
24972,1
7263,1
11844,1
18754,1
21135,1
87,1
26380,1
11170,1
3947,1
4524,1
17126,1
11072,1
3307,1
5227,1
21996,1
22884,1
7930,1
14304,1
24376,1
17008,1
26183,1
24894,1
683,1
12657,1
4736,1
7680,1
21824,1
24351,1
20995,1
3293,1
423,1
7617,1
5398,1
6268,1
21280,1
8958,1
7701,1
4633,1
20562,1
28292,1
4687,1
22390,1
12255,1
32433,1
31333,1
29355,1
11572,1
18307,1
27233,1
31013,1
8024,1
13707,1
16909,1
5248,1
30852,1
27712,1
4254,1
24084,1
28043,1
202,1
27016,1
27379,1
5515,1
7003,1
24729,1
24445,1
14766,1
26600,1
30461,1
11938,1
25222,1
18667,1
24555,1
23928,1
11624,1
1044,1
31857,1
13334,1
4420,1
20472,1
15561,1
29345,1
9491,1
30252,1
18191,1
763,1
2545,1
5584,1
19140,1
10932,1
10216,1
13404,1
20802,1
8013,1
2635,1
14661,1
23929,1
6195,1
21881,1
26374,1
3845,1
18068,1
12193,1
16723,1
1253,1
4130,1
5386,1
20155,1
20001,1
2154,1
7258,1
6456,1
25500,1
16890,1
20960,1
32185,1
7062,1
19754,1
15923,1
19716,1
17131,1
24185,1
18483,1
742,1
18551,1
21886,1
24218,1
7578,1
4183,1
8557,1
15653,1
219,1
31410,1
500,1
28718,1
15249,1
27631,1
19498,1
17888,1
20669,1
31086,1
1212,1
18692,1
18756,1
31415,1
10400,1
24399,1
11801,1
29038,1
3604,1
14116,1
26162,1
14362,1
733,1
19607,1
11960,1
13046,1
17262,1
348,1
25373,1
5843,1
79,1
11627,1
5051,1
11839,1
15652,1
17076,1
24815,1
3588,1
4879,1
6483,1
29238,1
1326,1
14010,1
18720,1
27026,1
13001,1
31559,1
18521,1
5120,1
11378,1
2696,1
7405,1
29333,1
31611,1
16652,1
18899,1
14972,1
9168,1
27051,1
9817,1
7370,1
17223,1
24568,1
29965,1
13451,1
27925,1
15153,1
22845,1
28090,1
30544,1
22619,1
14063,1
26461,1
26033,1
5637,1
4498,1
16328,1
7297,1
19888,1
11425,1
15818,1
1835,1
17716,1
29501,1
18608,1
27217,1
18248,1
10809,1
18469,1
20945,1
15072,1
15928,1
11059,1
13614,1
12181,1
31939,1
16625,1
14622,1
7627,1
7856,1
7808,1
6582,1
20569,1
28713,1
16521,1
26124,1
23489,1
18565,1
3124,1
29294,1
1812,1
25109,1
20253,1
13272,1
340,1
20286,1
14137,1
1030,1
20543,1
24270,1
14390,1
16093,1
1687,1
14514,1
18285,1
7833,1
3973,1
13709,1
10301,1
15824,1
30068,1
26978,1
27690,1
24432,1
24316,1
10037,1
19893,1
4462,1
4835,1
370,1
1636,1
10608,1
23667,1
14091,1
14758,1
26917,1
14507,1
25214,1
26332,1
26321,1
21021,1
17128,1
90,1
7484,1
13668,1
20101,1
22309,1
20519,1
31875,1
16742,1
6349,1
25215,1
6239,1
4542,1
1368,1
2749,1
20361,1
22570,1
14662,1
31067,1
30737,1
4716,1
16242,1
25774,1
22048,1
11295,1
26066,1
27345,1
32231,1
24217,1
18660,1
15629,1
24092,1
27269,1
12290,1
29598,1
27850,1
15080,1
4218,1
7304,1
12252,1
4854,1
9954,1
7987,1
30084,1
12136,1
687,1
4161,1
18,1
26132,1
26843,1
12302,1
26284,1
7147,1
15277,1
13733,1
8521,1
12827,1
7792,1
13869,1
11479,1
31648,1
21869,1
4054,1
30521,1
9583,1
18843,1
32086,1
7606,1
32081,1
11042,1
28675,1
13912,1
7077,1
1943,1
6752,1
28819,1
21437,1
12218,1
12413,1
30486,1
479,1
2430,1
17355,1
30313,1
12812,1
16084,1
19426,1
30022,1
28242,1
3424,1
5734,1
22152,1
4439,1
5050,1
24813,1
16576,1
4070,1
6508,1
9624,1
14094,1
29306,1
32393,1
19171,1
30585,1
28897,1
119,1
25889,1
384,1
31466,1
25447,1
7229,1
30525,1
22161,1
12332,1
4323,1
26378,1
1843,1
31019,1
1656,1
17123,1
12690,1
30171,1
14742,1
20185,1
58,1
9088,1
27549,1
18515,1
25562,1
7188,1
3414,1
563,1
748,1
14615,1
13883,1
3085,1
21455,1
20973,1
13539,1
19419,1
24855,1
3236,1
10678,1
21052,1
17428,1
28639,1
25714,1
14747,1
26109,1
3714,1
7437,1
6537,1
23094,1
6434,1
9278,1
3868,1
21696,1
25925,1
6153,1
23243,1
29513,1
8380,1
6555,1
7464,1
12547,1
4214,1
7828,1
23857,1
22163,1
28865,1
16788,1
14445,1
22501,1
22085,1
4154,1
12870,1
16351,1
16918,1
9025,1
1416,1
16577,1
20522,1
28578,1
12932,1
18410,1
15614,1
16274,1
4072,1
20154,1
1578,1
19634,1
31236,1
30178,1
28486,1
30309,1
5245,1
13444,1
21509,1
20231,1
5444,1
7302,1
27488,1
17850,1
17935,1
23648,1
15770,1
25973,1
27718,1
9307,1
26337,1
15318,1
12778,1
17458,1
23423,1
27491,1
28643,1
3153,1
5115,1
32122,1
19497,1
11265,1
27261,1
16583,1
9132,1
7579,1
20105,1
7095,1
7283,1
5596,1
8279,1
980,1
27825,1
24745,1
7517,1
15010,1
12963,1
8429,1
16616,1
18421,1
4717,1
3460,1
8183,1
29378,1
7181,1
24021,1
13998,1
10351,1
17586,1
11307,1
19731,1
2321,1
15420,1
22017,1
25083,1
18123,1
23144,1
13293,1
20186,1
24652,1
32340,1
2256,1
15104,1
10762,1
19488,1
25687,1
28839,1
30926,1
31327,1
5867,1
7835,1
13806,1
19223,1
20047,1
25631,1
638,1
18541,1
23268,1
5984,1
333,1
26211,1
23200,1
9363,1
19509,1
17196,1
11632,1
10198,1
13952,1
19829,1
12780,1
23692,1
28061,1
18798,1
2141,1
26034,1
1165,1
7149,1
21079,1
27407,1
8604,1
8911,1
21750,1
13399,1
10583,1
11361,1
23410,1
4472,1
19816,1
29776,1
11040,1
9026,1
17029,1
14062,1
20089,1
29517,1
17438,1
28370,1
1072,1
7829,1
16109,1
460,1
28984,1
18177,1
30502,1
8365,1
11317,1
28678,1
29541,1
23980,1
23879,1
20780,1
28071,1
27873,1
16446,1
18680,1
6947,1
20077,1
8371,1
26546,1
23776,1
1625,1
21003,1
3403,1
21037,1
5338,1
24858,1
1951,1
11077,1
2094,1
21838,1
7552,1
613,1
17691,1
30397,1
9317,1
17903,1
9359,1
20826,1
11919,1
15033,1
28627,1
26244,1
2863,1
3479,1
26254,1
24781,1
30541,1
18933,1
2072,1
28665,1
6331,1
12810,1
15578,1
7699,1
8970,1
9054,1
9909,1
26731,1
17498,1
27708,1
21089,1
14906,1
13577,1
28218,1
11742,1
1033,1
11689,1
14865,1
5367,1
16766,1
21311,1
31170,1
6069,1
26085,1
23421,1
24985,1
6968,1
26375,1
8634,1
31177,1
20218,1
15145,1
9844,1
27143,1
22780,1
16782,1
14077,1
17478,1
11422,1
13819,1
21328,1
24038,1
20331,1
1449,1
15467,1
26538,1
11617,1
12878,1
15603,1
26121,1
30601,1
3240,1
12140,1
3142,1
6676,1
24905,1
25364,1
27329,1
22818,1
3716,1
28146,1
27480,1
3157,1
24517,1
12121,1
26388,1
15036,1
31148,1
7396,1
30818,1
20426,1
18348,1
32378,1
6364,1
18888,1
27013,1
12815,1
947,1
27929,1
5251,1
5975,1
19960,1
7877,1
25430,1
16371,1
2646,1
31444,1
32546,1
6986,1
19112,1
26584,1
28840,1
11232,1
6949,1
29622,1
32177,1
25523,1
28309,1
22240,1
11812,1
26383,1
20061,1
7558,1
13000,1
23629,1
26059,1
4585,1
10964,1
8468,1
31136,1
8144,1
2879,1
3439,1
23480,1
16350,1
12931,1
16987,1
7151,1
12772,1
25532,1
8019,1
15068,1
12959,1
30978,1
22023,1
27380,1
17730,1
10631,1
4202,1
19132,1
29780,1
18596,1
3695,1
17315,1
15563,1
2005,1
29717,1
23703,1
31274,1
24872,1
4675,1
12854,1
2645,1
25489,1
21779,1
26820,1
2171,1
12425,1
19923,1
11864,1
16941,1
387,1
31369,1
7537,1
9298,1
22707,1
605,1
25086,1
8841,1
5793,1
25628,1
4316,1
17019,1
24115,1
10437,1
6543,1
7912,1
5551,1
21297,1
18952,1
7005,1
5727,1
23049,1
27937,1
21793,1
2640,1
27928,1
11092,1
16847,1
8173,1
2586,1
8386,1
22819,1
19299,1
1725,1
22622,1
29949,1
29892,1
19066,1
7531,1
18335,1
4898,1
30540,1
14914,1
6931,1
7412,1
18270,1
5722,1
16834,1
6345,1
25549,1
10913,1
29017,1
1571,1
2375,1
959,1
30777,1
9760,1
15625,1
8009,1
14544,1
15514,1
31407,1
4260,1
29179,1
17481,1
30275,1
31865,1
3602,1
13252,1
6724,1
4954,1
22105,1
6016,1
32294,1
9050,1
12100,1
20165,1
7210,1
10827,1
9332,1
23617,1
19828,1
25194,1
2415,1
4697,1
17960,1
1256,1
26492,1
32530,1
22068,1
26441,1
11590,1
26155,1
25557,1
18439,1
18253,1
6219,1
22981,1
7367,1
8883,1
23580,1
10725,1
23938,1
22925,1
22815,1
19169,1
21143,1
10905,1
4726,1
12450,1
7141,1
15711,1
5835,1
4710,1
21488,1
28820,1
20782,1
30018,1
16807,1
14690,1
4505,1
17488,1
26315,1
23589,1
2721,1
1308,1
10596,1
19721,1
6790,1
7066,1
16293,1
28890,1
23340,1
11061,1
32027,1
19914,1
18368,1
11652,1
28468,1
32370,1
14028,1
2641,1
2409,1
21329,1
5872,1
14858,1
7763,1
10336,1
7971,1
5312,1
464,1
244,1
22790,1
8391,1
15254,1
23527,1
30389,1
23256,1
15583,1
24219,1
20728,1
18326,1
30791,1
29091,1
31575,1
7679,1
15109,1
9513,1
31774,1
2354,1
25610,1
9815,1
18298,1
3764,1
14679,1
5901,1
11726,1
28151,1
25579,1
32344,1
18624,1
32369,1
8867,1
30968,1
5682,1
17894,1
31488,1
8153,1
3282,1
25713,1
16776,1
21704,1
12573,1
14639,1
24253,1
28793,1
8720,1
31052,1
16314,1
7612,1
5166,1
846,1
32075,1
1851,1
31084,1
20547,1
686,1
22072,1
11221,1
20804,1
14895,1
2330,1
22795,1
3264,1
9023,1
25338,1
31447,1
14790,1
12734,1
23176,1
14635,1
2067,1
25949,1
24505,1
3913,1
24182,1
13330,1
30369,1
29012,1
21506,1
8248,1
7923,1
20336,1
24222,1
5158,1
30378,1
16911,1
12154,1
10785,1
5857,1
608,1
26518,1
13068,1
30965,1
7166,1
27331,1
10802,1
7282,1
8765,1
32229,1
26639,1
20120,1
17534,1
29245,1
12905,1
1959,1
10679,1
2121,1
3629,1
8776,1
9427,1
21799,1
21967,1
27846,1
11246,1
20889,1
3176,1
13196,1
4876,1
13549,1
1117,1
1025,1
21695,1
11496,1
18601,1
9263,1
9299,1
12433,1
6586,1
11476,1
27307,1
20033,1
14314,1
22658,1
14001,1
16989,1
23862,1
22039,1
8116,1
30881,1
25203,1
2158,1
14499,1
25413,1
12948,1
12746,1
24274,1
30085,1
12231,1
24237,1
4562,1
8784,1
27312,1
9506,1
29590,1
7365,1
19728,1
6286,1
17676,1
7260,1
4683,1
7211,1
21456,1
10132,1
9069,1
26042,1
18623,1
13649,1
11501,1
2889,1
28657,1
20161,1
16384,1
31149,1
4383,1
31243,1
7868,1
4515,1
29196,1
23761,1
30233,1
6072,1
14393,1
721,1
26324,1
27396,1
7473,1
17693,1
18154,1
1034,1
21972,1
29222,1
14518,1
17744,1
18047,1
16252,1
12462,1
15611,1
23272,1
12599,1
11669,1
11822,1
22097,1
23767,1
5868,1
11298,1
19906,1
24827,1
6009,1
10048,1
12887,1
26270,1
314,1
10676,1
30824,1
8069,1
12417,1
1259,1
31397,1
15373,1
1231,1
29069,1
21912,1
27785,1
15521,1
6130,1
18448,1
15620,1
17553,1
29505,1
6570,1
4776,1
27462,1
32397,1
29206,1
15511,1
10486,1
5242,1
6079,1
13556,1
14927,1
19676,1
26223,1
11599,1
2440,1
2736,1
18203,1
14203,1
16421,1
4431,1
13464,1
30998,1
18982,1
9798,1
27930,1
8615,1
24629,1
15693,1
6627,1
27359,1
27018,1
6158,1
15038,1
15524,1
1884,1
29708,1
3134,1
5546,1
12160,1
23201,1
21355,1
2137,1
20091,1
8736,1
6955,1
32098,1
25970,1
4709,1
18158,1
30197,1
2316,1
27373,1
27205,1
19016,1
10060,1
18837,1
9972,1
1848,1
14962,1
10708,1
2591,1
8724,1
3268,1
20277,1
16206,1
9180,1
17367,1
17938,1
21388,1
11331,1
14497,1
29299,1
6853,1
16000,1
15764,1
4456,1
3725,1
8063,1
2208,1
30420,1
20421,1
5347,1
14876,1
2813,1
31010,1
12889,1
16128,1
875,1
11071,1
18685,1
3234,1
15723,1
7143,1
15423,1
24456,1
11437,1
7353,1
13051,1
16401,1
8503,1
12883,1
16716,1
3797,1
24105,1
5878,1
29763,1
3219,1
25797,1
9,1
18844,1
5995,1
24099,1
11003,1
9012,1
6427,1
30778,1
1883,1
25032,1
11455,1
12545,1
28307,1
1679,1
32215,1
18185,1
27944,1
3335,1
14893,1
20702,1
15448,1
26395,1
11242,1
26347,1
7121,1
12468,1
689,1
21657,1
30063,1
26882,1
32413,1
27171,1
14982,1
27114,1
21301,1
7408,1
21834,1
28582,1
5494,1
12282,1
8892,1
16813,1
30988,1
18088,1
10664,1
3453,1
17482,1
29256,1
5299,1
27907,1
16423,1
20642,1
4294,1
13967,1
9870,1
19404,1
8927,1
12296,1
1189,1
30245,1
8213,1
31194,1
29514,1
4362,1
18251,1
16738,1
7613,1
28822,1
18603,1
13209,1
31390,1
13590,1
24094,1
13470,1
22109,1
11081,1
1589,1
22206,1
28126,1
6888,1
5282,1
16591,1
6572,1
17166,1
15777,1
28363,1
517,1
6743,1
5151,1
19854,1
3399,1
7995,1
29,1
30576,1
14340,1
12127,1
966,1
16140,1
15981,1
23413,1
18223,1
30334,1
14627,1
9308,1
19608,1
8947,1
9894,1
26035,1
16322,1
6344,1
25180,1
17161,1
21478,1
668,1
28997,1
6176,1
20088,1
22122,1
27634,1
31408,1
32197,1
23529,1
14771,1
24184,1
19225,1
27608,1
25637,1
5959,1
598,1
4328,1
1351,1
25782,1
10039,1
3179,1
8088,1
31238,1
8538,1
6616,1
18231,1
24032,1
5018,1
13525,1
24805,1
9523,1
27333,1
4105,1
28093,1
1635,1
30758,1
7020,1
29452,1
8994,1
12284,1
32249,1
24288,1
22062,1
25836,1
2008,1
7807,1
22675,1
23326,1
24987,1
11498,1
13676,1
21470,1
27080,1
32074,1
30219,1
17777,1
28498,1
9476,1
16484,1
5339,1
3480,1
29425,1
24494,1
5076,1
2232,1
23445,1
23122,1
7765,1
3120,1
23214,1
27062,1
32453,1
10800,1
26540,1
6255,1
25748,1
21010,1
18318,1
15474,1
29414,1
16004,1
7006,1
30222,1
19860,1
19214,1
4993,1
9473,1
12314,1
31374,1
28516,1
19310,1
18441,1
2882,1
6495,1
23199,1
24563,1
16469,1
6788,1
18635,1
27461,1
24074,1
29838,1
9585,1
7732,1
28116,1
1926,1
14135,1
485,1
12775,1
3584,1
23254,1
12553,1
14193,1
4673,1
3978,1
2608,1
12578,1
4521,1
32290,1
28165,1
18847,1
8444,1
32442,1
21014,1
16850,1
22751,1
31952,1
24106,1
8750,1
18936,1
31325,1
2619,1
12257,1
5640,1
1240,1
2220,1
664,1
5891,1
13363,1
12360,1
29603,1
21592,1
10478,1
944,1
9173,1
14133,1
13745,1
11368,1
26705,1
14476,1
22330,1
11931,1
19757,1
18443,1
14877,1
11303,1
26993,1
7320,1
17331,1
8206,1
11291,1
29288,1
19612,1
14503,1
10945,1
31787,1
16597,1
28018,1
23809,1
25909,1
21638,1
11736,1
12855,1
3943,1
22580,1
32351,1
23090,1
4307,1
6870,1
22077,1
32226,1
27918,1
10953,1
7124,1
5399,1
7218,1
8351,1
15821,1
4109,1
12023,1
21097,1
30909,1
810,1
2367,1
12247,1
27259,1
29604,1
13477,1
26617,1
16311,1
3132,1
9962,1
31189,1
3278,1
4702,1
30575,1
18118,1
9924,1
16362,1
15766,1
28272,1
23111,1
13435,1
10852,1
11711,1
12456,1
13573,1
1094,1
14947,1
3605,1
7178,1
16099,1
9378,1
278,1
11511,1
25356,1
19790,1
15313,1
20393,1
24020,1
14614,1
5912,1
17932,1
2583,1
31256,1
26507,1
22552,1
8631,1
28754,1
21627,1
6957,1
2059,1
25330,1
9086,1
30012,1
7826,1
12764,1
16327,1
32138,1
24348,1
10153,1
18802,1
17515,1
21467,1
2429,1
19449,1
18995,1
1806,1
10209,1
29807,1
21101,1
8516,1
12737,1
6634,1
28188,1
24487,1
15138,1
12198,1
663,1
17783,1
9235,1
17957,1
21725,1
29147,1
22,1
6884,1
25113,1
4691,1
3610,1
20386,1
21199,1
28183,1
26930,1
12956,1
13146,1
15179,1
20676,1
23982,1
16517,1
27787,1
830,1
18788,1
24515,1
12074,1
9055,1
16013,1
18202,1
7470,1
4998,1
6857,1
31074,1
11683,1
12923,1
12951,1
3756,1
22649,1
22046,1
1652,1
25091,1
15244,1
22199,1
17824,1
9455,1
12555,1
22832,1
10567,1
32293,1
12280,1
24547,1
9367,1
7476,1
11227,1
22610,1
23115,1
381,1
28740,1
5746,1
31528,1
6060,1
14612,1
11145,1
19398,1
25385,1
2556,1
26533,1
21531,1
3450,1
7530,1
32436,1
30406,1
10222,1
10840,1
27516,1
3084,1
21872,1
28710,1
22125,1
14360,1
30235,1
21782,1
1282,1
22268,1
12375,1
12026,1
19375,1
23288,1
28954,1
16076,1
20194,1
28274,1
8654,1
18218,1
28952,1
20369,1
27010,1
261,1
4174,1
10954,1
1526,1
9586,1
9166,1
8148,1
14377,1
25153,1
27913,1
27851,1
23172,1
708,1
13308,1
6659,1
7626,1
2683,1
775,1
27987,1
23252,1
19565,1
30131,1
21806,1
27847,1
19662,1
11223,1
10496,1
6611,1
4680,1
14780,1
31951,1
4618,1
6994,1
14215,1
9414,1
31772,1
9165,1
25417,1
23012,1
18494,1
24420,1
11116,1
28636,1
77,1
22411,1
30398,1
22646,1
23637,1
29555,1
21738,1
23818,1
429,1
2122,1
16236,1
29163,1
21702,1
14173,1
12404,1
24794,1
6270,1
8323,1
30963,1
29276,1
11012,1
19688,1
29642,1
22850,1
8056,1
10810,1
8805,1
16857,1
16922,1
28054,1
16735,1
11336,1
336,1
20821,1
31453,1
28937,1
25001,1
1735,1
25212,1
21757,1
27370,1
20346,1
25776,1
11006,1
17201,1
25354,1
16122,1
8278,1
10027,1
22096,1
15387,1
24884,1
29740,1
7696,1
21468,1
26863,1
26780,1
12546,1
28884,1
25323,1
1367,1
28537,1
1085,1
20487,1
3210,1
19964,1
13158,1
7474,1
1318,1
15880,1
26931,1
1045,1
29217,1
18107,1
29079,1
5346,1
30111,1
2027,1
32538,1
9842,1
29712,1
14963,1
256,1
25429,1
10337,1
30326,1
9024,1
17861,1
881,1
8593,1
3834,1
1866,1
18075,1
10697,1
9725,1
7534,1
24098,1
1134,1
30867,1
2951,1
18198,1
21201,1
6706,1
22479,1
21378,1
1960,1
22990,1
20565,1
30513,1
20703,1
8478,1
7468,1
26622,1
30757,1
7505,1
7152,1
10004,1
17,1
4506,1
1216,1
13486,1
27623,1
25175,1
23947,1
9259,1
26789,1
7289,1
27619,1
18587,1
25777,1
14065,1
25846,1
4607,1
16068,1
20226,1
15137,1
20182,1
4318,1
1617,1
20532,1
8368,1
30553,1
18359,1
4699,1
22964,1
11556,1
1261,1
25292,1
6382,1
19650,1
29291,1
23976,1
27412,1
7651,1
16368,1
18831,1
6761,1
31536,1
2040,1
27057,1
19817,1
3594,1
31057,1
32225,1
9182,1
27501,1
25639,1
17792,1
7203,1
4836,1
32482,1
365,1
30287,1
9015,1
12348,1
32338,1
29349,1
24122,1
21527,1
27765,1
5207,1
3734,1
31070,1
3550,1
16520,1
26040,1
1078,1
3918,1
18157,1
18046,1
21629,1
24961,1
11250,1
31747,1
9773,1
583,1
16129,1
15963,1
407,1
29905,1
2493,1
14637,1
18902,1
9002,1
3733,1
17718,1
23018,1
22218,1
10123,1
23539,1
873,1
21941,1
20662,1
17059,1
12891,1
8819,1
5604,1
26009,1
30912,1
32064,1
8718,1
23399,1
5850,1
19292,1
10792,1
5231,1
31218,1
31178,1
5530,1
7586,1
29109,1
17596,1
26268,1
14234,1
20395,1
4203,1
14705,1
7797,1
3738,1
20108,1
24671,1
3661,1
20927,1
20523,1
29761,1
11380,1
7815,1
16016,1
13805,1
11980,1
13135,1
3916,1
23502,1
3409,1
5416,1
320,1
3300,1
4311,1
15599,1
10354,1
23151,1
15149,1
24381,1
31734,1
19633,1
26542,1
28614,1
11722,1
11431,1
676,1
13339,1
16881,1
25767,1
8998,1
9389,1
25618,1
2584,1
17379,1
27456,1
31610,1
9989,1
19751,1
12798,1
29854,1
11915,1
24661,1
1126,1
9990,1
26093,1
5549,1
15674,1
6600,1
12418,1
29839,1
30307,1
3906,1
31309,1
18811,1
25118,1
31334,1
1545,1
17580,1
12655,1
2866,1
13600,1
3559,1
2916,1
26667,1
18412,1
3436,1
7673,1
15380,1
13004,1
10340,1
5876,1
1224,1
1609,1
10160,1
32080,1
25060,1
19956,1
3730,1
18010,1
13255,1
12439,1
10611,1
16749,1
12194,1
26351,1
21552,1
21065,1
22263,1
25615,1
9791,1
3805,1
3254,1
92,1
10492,1
27137,1
1590,1
9251,1
15838,1
2342,1
7595,1
29997,1
10833,1
5687,1
25726,1
4427,1
12482,1
31604,1
30518,1
19001,1
18081,1
29609,1
24331,1
27302,1
8610,1
2965,1
27274,1
17191,1
2963,1
26305,1
11686,1
29328,1
24945,1
23930,1
2532,1
4926,1
27568,1
31812,1
4409,1
14442,1
29075,1
21516,1
3621,1
8545,1
3841,1
12562,1
19807,1
2802,1
28913,1
3798,1
7535,1
2848,1
16888,1
5744,1
24430,1
23838,1
25910,1
9612,1
22967,1
4939,1
17928,1
8106,1
11653,1
30443,1
3538,1
24340,1
11175,1
5638,1
30238,1
28788,1
17122,1
9443,1
22436,1
11637,1
28566,1
22908,1
23284,1
26866,1
13145,1
26161,1
28046,1
30110,1
9666,1
29050,1
23323,1
14529,1
7814,1
4457,1
1818,1
21880,1
9377,1
23074,1
5634,1
14509,1
29625,1
2001,1
28939,1
10665,1
23526,1
21200,1
22435,1
1739,1
4718,1
11494,1
21656,1
23941,1
28149,1
31753,1
1164,1
26526,1
15504,1
12939,1
13022,1
20949,1
21013,1
11367,1
15222,1
20456,1
29883,1
29806,1
3169,1
21883,1
11979,1
1356,1
8254,1
28804,1
31340,1
20675,1
5194,1
4920,1
13056,1
22596,1
13995,1
1824,1
27227,1
25876,1
4064,1
19205,1
28008,1
4927,1
1065,1
21090,1
32287,1
31183,1
14813,1
3609,1
21129,1
28518,1
2862,1
30096,1
16474,1
8289,1
234,1
27950,1
19071,1
6908,1
14496,1
28088,1
12153,1
14808,1
12712,1
23607,1
26791,1
27963,1
13365,1
22032,1
16030,1
17674,1
10592,1
24137,1
27683,1
26502,1
10352,1
6636,1
26501,1
984,1
5672,1
32365,1
24357,1
31694,1
10338,1
11093,1
19142,1
12696,1
3451,1
24752,1
30626,1
16602,1
6936,1
25558,1
14176,1
29228,1
4062,1
25845,1
9872,1
7432,1
2216,1
29484,1
26899,1
14978,1
9064,1
22655,1
31760,1
14928,1
4755,1
14704,1
30183,1
31519,1
13073,1
12744,1
9442,1
18408,1
159,1
6443,1
21993,1
19848,1
1683,1
15846,1
19321,1
4834,1
21072,1
21202,1
14313,1
28596,1
28021,1
7743,1
2946,1
14388,1
32305,1
26987,1
9771,1
13155,1
32511,1
5107,1
31276,1
5258,1
4653,1
5361,1
5187,1
19679,1
5004,1
20241,1
3879,1
27964,1
11392,1
23673,1
28862,1
21686,1
3849,1
27875,1
18406,1
29264,1
14012,1
3330,1
30194,1
332,1
8601,1
10738,1
29443,1
22862,1
861,1
8719,1
17880,1
2933,1
10206,1
17982,1
16694,1
13870,1
22342,1
18500,1
23816,1
5726,1
21887,1
18022,1
2071,1
13713,1
1418,1
26444,1
31355,1
4667,1
3162,1
699,1
29888,1
17304,1
23708,1
11029,1
21370,1
27716,1
25787,1
1139,1
3302,1
12965,1
9751,1
26743,1
25770,1
32171,1
266,1
6421,1
9884,1
19743,1
6298,1
2275,1
19974,1
6087,1
1918,1
29331,1
4206,1
21523,1
6329,1
11862,1
8406,1
5598,1
30810,1
18793,1
9087,1
15798,1
18105,1
13850,1
9748,1
19088,1
15812,1
27714,1
6444,1
3769,1
17710,1
25709,1
18155,1
17838,1
9587,1
4974,1
4489,1
9286,1
31649,1
11587,1
16913,1
21121,1
21943,1
27126,1
16010,1
15986,1
17124,1
24762,1
20706,1
16075,1
31718,1
6621,1
28347,1
15967,1
24656,1
28935,1
23275,1
6361,1
27639,1
10137,1
31850,1
28020,1
18422,1
6825,1
30150,1
24211,1
995,1
10541,1
5340,1
13484,1
4918,1
21765,1
24436,1
13320,1
21064,1
16094,1
30638,1
16778,1
5196,1
20661,1
1243,1
1315,1
24996,1
30199,1
21386,1
24601,1
10942,1
14727,1
28910,1
12362,1
12122,1
22230,1
3457,1
29726,1
14130,1
12481,1
24335,1
24225,1
25517,1
22874,1
20501,1
17119,1
9602,1
31424,1
3718,1
22451,1
8554,1
31517,1
15326,1
3929,1
4669,1
16243,1
19082,1
25227,1
30311,1
2725,1
21197,1
9189,1
14422,1
7975,1
26522,1
12719,1
27746,1
21815,1
25247,1
2113,1
19244,1
22244,1
20320,1
15303,1
14812,1
24439,1
6173,1
26552,1
30454,1
6989,1
12006,1
29063,1
3603,1
5366,1
22912,1
14971,1
20294,1
26237,1
27557,1
10590,1
8273,1
3942,1
14370,1
3685,1
17528,1
24926,1
31651,1
554,1
23998,1
27306,1
25531,1
12763,1
10272,1
19174,1
15556,1
22634,1
15062,1
28769,1
28464,1
23451,1
17300,1
13809,1
28422,1
11603,1
11457,1
17626,1
10849,1
14327,1
2039,1
31570,1
9391,1
22526,1
14303,1
2419,1
23985,1
21693,1
3909,1
23496,1
26103,1
22472,1
2631,1
11296,1
20551,1
18704,1
21335,1
28220,1
25446,1
18612,1
29759,1
6180,1
14974,1
16713,1
21474,1
10308,1
32269,1
3894,1
5305,1
21312,1
10439,1
23907,1
29779,1
6480,1
6889,1
28936,1
17267,1
21262,1
2090,1
22766,1
6702,1
20613,1
24353,1
26772,1
24551,1
31928,1
17992,1
2860,1
11009,1
8405,1
1421,1
26452,1
3928,1
7429,1
20095,1
22603,1
296,1
30785,1
32136,1
22150,1
22786,1
18966,1
15992,1
31364,1
15306,1
12361,1
20656,1
2483,1
25566,1
17536,1
11859,1
29906,1
29692,1
1870,1
5723,1
11451,1
2585,1
20963,1
24418,1
28812,1
22625,1
4580,1
2312,1
5379,1
8402,1
23654,1
4336,1
20409,1
29166,1
31300,1
29852,1
17353,1
28276,1
5424,1
23549,1
17855,1
561,1
22550,1
30270,1
14668,1
16387,1
19402,1
17255,1
9856,1
3432,1
28735,1
24131,1
8918,1
7088,1
31168,1
7445,1
14236,1
22694,1
6134,1
17748,1
19506,1
2589,1
27339,1
3715,1
20658,1
14807,1
11358,1
26364,1
2810,1
18708,1
16297,1
27637,1
26249,1
4215,1
5928,1
30648,1
6477,1
13402,1
15637,1
28047,1
30027,1
28057,1
18807,1
12893,1
26081,1
12885,1
20696,1
18474,1
26854,1
21150,1
30140,1
10622,1
6859,1
27989,1
9697,1
2061,1
30897,1
722,1
9005,1
20548,1
32350,1
5148,1
14014,1
14297,1
26696,1
22631,1
15011,1
1741,1
3054,1
20032,1
31574,1
21207,1
1087,1
14593,1
17848,1
15202,1
32279,1
3373,1
8355,1
22217,1
12349,1
2609,1
9964,1
17623,1
8683,1
2438,1
23055,1
12549,1
28012,1
23066,1
21521,1
24553,1
28293,1
25358,1
24214,1
11841,1
28535,1
20842,1
4571,1
10750,1
2098,1
154,1
5561,1
13765,1
18560,1
12129,1
12898,1
18090,1
29219,1
25928,1
5839,1
11792,1
19557,1
11209,1
9014,1
28387,1
24448,1
6585,1
20318,1
12542,1
17168,1
25411,1
9495,1
8595,1
10307,1
28342,1
27667,1
8150,1
24003,1
2972,1
32206,1
23247,1
26850,1
25861,1
25249,1
22560,1
31585,1
4313,1
19197,1
1750,1
11151,1
15754,1
12031,1
20211,1
23991,1
13327,1
27882,1
7603,1
30958,1
9081,1
12890,1
8671,1
9780,1
3622,1
22480,1
8670,1
10671,1
12911,1
16411,1
20930,1
18219,1
30026,1
24498,1
18747,1
10713,1
20864,1
7256,1
5934,1
4468,1
15596,1
26530,1
13824,1
18923,1
3724,1
22182,1
24215,1
4881,1
26420,1
20102,1
3564,1
13154,1
9733,1
2108,1
15840,1
14124,1
11130,1
12567,1
20716,1
9290,1
25317,1
16477,1
23834,1
3755,1
7884,1
10539,1
4165,1
29410,1
32403,1
25622,1
10385,1
19611,1
13580,1
12698,1
1871,1
32245,1
26279,1
25188,1
24886,1
354,1
4118,1
18393,1
8584,1
14710,1
20080,1
11578,1
7916,1
5012,1
2587,1
25932,1
31628,1
19060,1
31667,1
3253,1
30742,1
16248,1
10815,1
8700,1
16284,1
18249,1
5102,1
25750,1
24041,1
24333,1
19079,1
28746,1
21847,1
6540,1
3785,1
5794,1
7803,1
32145,1
14860,1
18975,1
29893,1
4449,1
19907,1
18189,1
9556,1
20693,1
31338,1
30535,1
29790,1
10309,1
12699,1
13868,1
8239,1
4771,1
25343,1
7318,1
21189,1
22203,1
17760,1
12702,1
10349,1
3406,1
23471,1
14076,1
18958,1
2218,1
29126,1
28727,1
424,1
4552,1
864,1
25335,1
2481,1
972,1
6466,1
21278,1
330,1
23913,1
28640,1
15112,1
14089,1
23156,1
20648,1
3395,1
3475,1
11177,1
12818,1
16648,1
18256,1
8529,1
22883,1
6369,1
31418,1
20792,1
16,1
12745,1
4839,1
19646,1
902,1
29863,1
21377,1
18518,1
15468,1
19789,1
31064,1
2814,1
26257,1
14879,1
7917,1
22020,1
2992,1
2629,1
7563,1
5400,1
17301,1
30470,1
25568,1
17437,1
19081,1
14140,1
18998,1
21421,1
2382,1
18308,1
433,1
953,1
17450,1
20772,1
25543,1
25982,1
15998,1
5886,1
28365,1
31870,1
1405,1
8238,1
13586,1
4280,1
21107,1
22345,1
1665,1
6416,1
10335,1
3911,1
13030,1
11248,1
3851,1
1439,1
31311,1
12856,1
8858,1
12010,1
11546,1
25151,1
26830,1
10449,1
27330,1
21177,1
15178,1
3781,1
28095,1
24990,1
6292,1
5270,1
20688,1
2334,1
14489,1
25599,1
8292,1
19875,1
21060,1
9209,1
6599,1
11956,1
29846,1
30237,1
8507,1
27543,1
8851,1
11013,1
17605,1
13227,1
29783,1
31198,1
11712,1
6934,1
30145,1
11543,1
13859,1
20843,1
6019,1
26752,1
10372,1
21054,1
5772,1
2051,1
14899,1
4748,1
4557,1
13234,1
8320,1
29368,1
29701,1
21884,1
27602,1
28280,1
15508,1
8098,1
2077,1
18836,1
11541,1
22421,1
25384,1
15479,1
10077,1
4622,1
358,1
5441,1
17881,1
20319,1
14030,1
24309,1
14213,1
30889,1
8922,1
3867,1
2794,1
18650,1
257,1
30074,1
13490,1
1140,1
21183,1
3855,1
19092,1
16053,1
6991,1
15627,1
13288,1
26476,1
1008,1
24808,1
22156,1
32521,1
3616,1
10791,1
851,1
835,1
25305,1
20840,1
5059,1
23044,1
15096,1
15844,1
9951,1
9193,1
16758,1
11065,1
3273,1
8648,1
406,1
26827,1
13273,1
11408,1
6899,1
6554,1
22047,1
22413,1
914,1
14396,1
29097,1
17047,1
22343,1
15619,1
19637,1
23065,1
28699,1
15991,1
24571,1
32289,1
4432,1
11733,1
5971,1
13292,1
7026,1
19872,1
25152,1
21074,1
21358,1
16740,1
26185,1
16852,1
25140,1
21490,1
9340,1
28438,1
2163,1
20324,1
21925,1
7434,1
16144,1
3649,1
5798,1
19216,1
8317,1
30355,1
10322,1
22937,1
21134,1
25263,1
20580,1
14294,1
31479,1
14800,1
7018,1
4339,1
2119,1
7949,1
30049,1
17461,1
22178,1
11753,1
14309,1
7931,1
14312,1
12981,1
10150,1
19145,1
13481,1
27922,1
1867,1
18369,1
3477,1
7967,1
22962,1
2177,1
9269,1
1217,1
25309,1
19926,1
27792,1
23309,1
9651,1
3196,1
5094,1
14198,1
32220,1
19303,1
4973,1
25485,1
29979,1
14916,1
26855,1
3597,1
20138,1
6295,1
28022,1
31384,1
3429,1
5244,1
12022,1
23230,1
25629,1
14774,1
22174,1
24453,1
28417,1
16498,1
12059,1
30489,1
25855,1
13123,1
12713,1
14484,1
10958,1
30550,1
23779,1
12108,1
24458,1
29113,1
21781,1
2298,1
26408,1
17907,1
13127,1
17098,1
29544,1
31069,1
27681,1
23509,1
16568,1
9631,1
31321,1
9492,1
2331,1
25892,1
17711,1
14301,1
11887,1
25299,1
18725,1
27406,1
26182,1
21560,1
8442,1
4823,1
8920,1
13612,1
23894,1
24424,1
12761,1
20201,1
31567,1
19542,1
28445,1
26495,1
11577,1
9937,1
265,1
12879,1
2555,1
20012,1
13210,1
27856,1
14578,1
10299,1
2178,1
15469,1
29204,1
10116,1
29940,1
9934,1
14655,1
7644,1
16117,1
18399,1
1101,1
9191,1
21462,1
17336,1
2511,1
16934,1
25955,1
2896,1
26322,1
23737,1
15657,1
1844,1
3982,1
19473,1
29137,1
17363,1
2174,1
1630,1
25279,1
5123,1
6675,1
21650,1
30371,1
25816,1
8764,1
24411,1
12025,1
22581,1
9175,1
12967,1
3275,1
27324,1
19885,1
6681,1
5288,1
17765,1
19444,1
4004,1
12875,1
19881,1
21214,1
12396,1
15382,1
17790,1
6689,1
6974,1
30533,1
6593,1
6400,1
17987,1
24276,1
15847,1
26714,1
29862,1
5888,1
9595,1
11781,1
23041,1
10280,1
5351,1
21999,1
31895,1
23061,1
30175,1
28171,1
2996,1
8524,1
20737,1
29298,1
6203,1
12465,1
20925,1
28137,1
5919,1
18646,1
24796,1
10997,1
3964,1
4549,1
12328,1
21114,1
12147,1
29186,1
17865,1
23079,1
20440,1
25678,1
604,1
31808,1
5275,1
2459,1
26490,1
4708,1
30475,1
16240,1
21298,1
6228,1
2558,1
9917,1
3899,1
4003,1
15116,1
8267,1
19599,1
7416,1
7965,1
17249,1
15801,1
23824,1
21848,1
14417,1
19195,1
7878,1
4659,1
20900,1
7643,1
24859,1
2717,1
1017,1
24143,1
26896,1
5167,1
20767,1
20215,1
22899,1
9714,1
14048,1
8065,1
26110,1
12373,1
8553,1
8016,1
9622,1
30806,1
12866,1
459,1
3415,1
14354,1
28378,1
4665,1
16829,1
4327,1
1082,1
17180,1
2800,1
24709,1
5739,1
27703,1
9376,1
1296,1
17079,1
22762,1
5465,1
24955,1
18827,1
1395,1
22947,1
2698,1
26410,1
6579,1
7570,1
17912,1
7541,1
31982,1
2527,1
12624,1
5949,1
24992,1
22755,1
18873,1
28631,1
30006,1
4095,1
19618,1
4353,1
17397,1
25740,1
10408,1
13803,1
29835,1
29794,1
5626,1
16092,1
6028,1
21008,1
32072,1
28025,1
22014,1
9000,1
31615,1
31783,1
7274,1
31204,1
16067,1
4778,1
2940,1
21995,1
29960,1
17791,1
13956,1
20063,1
28067,1
3150,1
15204,1
26965,1
14793,1
31356,1
32010,1
14546,1
338,1
19951,1
27699,1
2702,1
13582,1
25296,1
30779,1
6834,1
5629,1
9247,1
19879,1
28844,1
30577,1
18670,1
994,1
30670,1
31941,1
7700,1
30907,1
5462,1
121,1
1541,1
13904,1
15232,1
633,1
9505,1
17290,1
24645,1
28172,1
27432,1
18776,1
7905,1
7032,1
10537,1
7249,1
12030,1
28709,1
4235,1
15842,1
7944,1
27417,1
877,1
13222,1
11517,1
1607,1
21288,1
24686,1
9485,1
5261,1
31398,1
1345,1
26525,1
24499,1
22813,1
5293,1
9017,1
16638,1
31547,1
26716,1
1681,1
21788,1
4722,1
9415,1
6491,1
8678,1
9793,1
22420,1
25860,1
14468,1
22759,1
25711,1
1215,1
29332,1
27440,1
2247,1
13700,1
21457,1
29500,1
11851,1
18614,1
25872,1
22076,1
12186,1
27486,1
30462,1
8552,1
10677,1
24172,1
15342,1
30716,1
24761,1
31940,1
24121,1
7009,1
12988,1
22573,1
10252,1
3974,1
25451,1
30468,1
27849,1
9939,1
18430,1
1572,1
7433,1
15421,1
22406,1
5038,1
29081,1
2251,1
1904,1
1429,1
13849,1
8357,1
1411,1
25963,1
25095,1
23739,1
26114,1
16494,1
30303,1
13537,1
2552,1
24635,1
18419,1
17261,1
16526,1
9851,1
7104,1
21931,1
11266,1
15683,1
31209,1
15501,1
19268,1
21491,1
26013,1
11606,1
14041,1
5303,1
7754,1
11206,1
12294,1
16904,1
6262,1
28072,1
1329,1
12651,1
29528,1
22036,1
15584,1
3461,1
13726,1
311,1
18204,1
23845,1
3221,1
17645,1
2462,1
19484,1
7589,1
9900,1
5656,1
25401,1
6011,1
572,1
10038,1
26560,1
12849,1
20817,1
3252,1
28539,1
19592,1
14064,1
4589,1
21187,1
21835,1
4363,1
25278,1
31530,1
16598,1
15626,1
20499,1
24354,1
16524,1
6233,1
24018,1
7941,1
156,1
9835,1
20402,1
3567,1
13673,1
28623,1
12708,1
5354,1
14069,1
15768,1
14536,1
7101,1
21830,1
9522,1
2244,1
22982,1
22698,1
13844,1
15061,1
18659,1
890,1
22038,1
31250,1
5475,1
7654,1
13328,1
22423,1
681,1
21753,1
32422,1
17229,1
24935,1
3170,1
6524,1
30549,1
7550,1
29233,1
31370,1
17173,1
21319,1
29497,1
27758,1
9176,1
1583,1
758,1
28592,1
5458,1
1207,1
16294,1
20758,1
32274,1
15221,1
26523,1
20775,1
3576,1
27946,1
12977,1
4693,1
22337,1
5642,1
19621,1
22846,1
8692,1
31376,1
30399,1
13422,1
32202,1
7138,1
8293,1
4942,1
11515,1
23720,1
11231,1
31279,1
4646,1
16840,1
20756,1
29529,1
5554,1
1568,1
16769,1
11192,1
24313,1
10397,1
25589,1
26139,1
26466,1
6288,1
7467,1
6073,1
7444,1
29887,1
30277,1
26080,1
29253,1
12203,1
11316,1
11075,1
19797,1
14385,1
8174,1
23318,1
14636,1
21609,1
6841,1
6428,1
13584,1
21119,1
13814,1
8217,1
8038,1
4663,1
26314,1
26664,1
29637,1
961,1
4739,1
4195,1
31794,1
25960,1
4199,1
14504,1
11923,1
26436,1
32159,1
10717,1
30169,1
21053,1
13107,1
11020,1
7264,1
14729,1
21409,1
29618,1
22414,1
15569,1
22477,1
8673,1
15356,1
23919,1
22200,1
12725,1
12258,1
10040,1
18289,1
339,1
17706,1
28419,1
30106,1
17613,1
15790,1
16842,1
27374,1
30125,1
25315,1
29793,1
25507,1
23770,1
26634,1
19098,1
19163,1
7677,1
6624,1
26744,1
31336,1
13608,1
22066,1
22338,1
10566,1
15301,1
20175,1
10572,1
21282,1
22721,1
10747,1
1944,1
26574,1
2479,1
29841,1
29955,1
8909,1
31741,1
15859,1
21643,1
2820,1
30312,1
3485,1
20729,1
27187,1
4243,1
31531,1
17950,1
3055,1
19372,1
27998,1
31836,1
28015,1
7116,1
2196,1
17787,1
29651,1
24607,1
19562,1
6493,1
26158,1
28029,1
17846,1
6422,1
16452,1
15473,1
16658,1
31153,1
7478,1
27823,1
12480,1
30879,1
28963,1
27414,1
14402,1
3789,1
26449,1
14717,1
31411,1
5998,1
23037,1
10614,1
4774,1
7661,1
20287,1
4191,1
26834,1
30449,1
10764,1
29475,1
746,1
31711,1
12995,1
3987,1
1537,1
10990,1
20338,1
8099,1
20806,1
27383,1
15940,1
21364,1
15570,1
13184,1
20492,1
20413,1
1490,1
25907,1
23105,1
31535,1
20131,1
20856,1
13651,1
1903,1
12714,1
19765,1
14038,1
13906,1
25571,1
4338,1
7281,1
2618,1
12134,1
3284,1
27958,1
7920,1
774,1
5929,1
1977,1
4733,1
2211,1
5552,1
61,1
13909,1
30571,1
5019,1
13467,1
1166,1
1682,1
19263,1
16138,1
19335,1
26739,1
10871,1
10845,1
26005,1
29187,1
2621,1
741,1
17202,1
28704,1
15496,1
3188,1
18691,1
23016,1
27075,1
15372,1
8624,1
24506,1
26856,1
27633,1
4858,1
5905,1
7162,1
8651,1
19391,1
26741,1
24801,1
19406,1
13816,1
31596,1
30494,1
4935,1
19782,1
20123,1
30028,1
18482,1
7039,1
26805,1
12286,1
5771,1
14901,1
9674,1
29226,1
14693,1
17364,1
26908,1
6055,1
942,1
23714,1
11879,1
25522,1
22159,1
4842,1
7490,1
27194,1
15273,1
7357,1
28919,1
26712,1
13731,1
10175,1
4507,1
28034,1
18306,1
18710,1
15520,1
17784,1
30051,1
32196,1
29340,1
9090,1
20751,1
23024,1
26692,1
25291,1
18351,1
25856,1
22103,1
18095,1
18077,1
31905,1
5451,1
7228,1
10876,1
14559,1
15107,1
13424,1
4404,1
32048,1
4388,1
2604,1
9266,1
6545,1
24603,1
11570,1
23380,1
19641,1
30809,1
30202,1
31911,1
16722,1
31644,1
27542,1
11021,1
3014,1
20886,1
23868,1
3729,1
13096,1
241,1
11921,1
18812,1
2968,1
16346,1
17646,1
21395,1
18665,1
23553,1
558,1
12933,1
30416,1
25442,1
27458,1
15155,1
31682,1
4861,1
669,1
3555,1
17133,1
28847,1
23973,1
19558,1
31343,1
3761,1
15546,1
2442,1
22998,1
6575,1
28698,1
14922,1
5081,1
9395,1
16054,1
1506,1
12595,1
28875,1
2431,1
13903,1
28068,1
10475,1
19554,1
4812,1
20202,1
6595,1
18317,1
8074,1
6417,1
13374,1
5319,1
10515,1
31953,1
7519,1
15572,1
4833,1
10782,1
2515,1
30771,1
14795,1
3558,1
6823,1
2173,1
18577,1
31437,1
3495,1
31242,1
29366,1
1432,1
26220,1
21703,1
17332,1
10934,1
10919,1
29029,1
620,1
8662,1
19499,1
5467,1
3977,1
9681,1
3503,1
23689,1
27533,1
5230,1
31524,1
19355,1
21124,1
6771,1
25967,1
22582,1
21156,1
27588,1
16712,1
32361,1
18303,1
21599,1
15044,1
17942,1
4117,1
22754,1
24047,1
20476,1
20446,1
14687,1
14289,1
9742,1
1011,1
16963,1
12804,1
14141,1
30962,1
24644,1
1497,1
5311,1
4831,1
9849,1
16229,1
11306,1
17860,1
27606,1
16470,1
17886,1
3767,1
12560,1
13279,1
7425,1
3723,1
23448,1
21058,1
24850,1
435,1
11004,1
1631,1
14006,1
21648,1
31212,1
25431,1
31754,1
21484,1
25756,1
28716,1
18216,1
21009,1
5938,1
4723,1
26076,1
19181,1
25143,1
20514,1
12596,1
23364,1
21173,1
19529,1
7893,1
30875,1
4146,1
28637,1
15686,1
27283,1
29676,1
19058,1
21339,1
4397,1
7569,1
1900,1
23209,1
23382,1
32201,1
15718,1
26980,1
30674,1
28,1
14590,1
8207,1
29469,1
22618,1
17058,1
1023,1
12173,1
8012,1
13764,1
8232,1
6862,1
6558,1
21137,1
30042,1
27295,1
1543,1
4638,1
27595,1
28729,1
7111,1
11581,1
5898,1
18167,1
13660,1
1638,1
21321,1
28249,1
28541,1
1688,1
12196,1
21944,1
15664,1
25518,1
23206,1
22507,1
20576,1
27358,1
27083,1
2315,1
26841,1
18751,1
12601,1
29924,1
26235,1
10587,1
30414,1
26842,1
28915,1
935,1
31035,1
8103,1
13165,1
13478,1
7231,1
24730,1
14321,1
25390,1
24952,1
5747,1
25283,1
9540,1
24667,1
31839,1
10887,1
29581,1
22978,1
25706,1
15961,1
8668,1
4208,1
7306,1
30799,1
31024,1
27267,1
3332,1
18790,1
30763,1
1646,1
7927,1
22252,1
32483,1
7315,1
12300,1
5072,1
8061,1
5869,1
31071,1
23051,1
10106,1
5709,1
19722,1
2273,1
26214,1
13358,1
5892,1
17129,1
16436,1
12005,1
23101,1
21926,1
18833,1
18473,1
24133,1
6623,1
13367,1
25718,1
31686,1
1285,1
24044,1
15086,1
23594,1
17089,1
20479,1
10011,1
30834,1
5335,1
21913,1
18471,1
19858,1
21525,1
32486,1
16370,1
14306,1
18883,1
29674,1
27737,1
14113,1
10656,1
7337,1
17231,1
13740,1
15206,1
4455,1
23905,1
24285,1
4999,1
6194,1
12835,1
23229,1
196,1
23940,1
10518,1
291,1
26343,1
20760,1
23266,1
26558,1
14768,1
27102,1
25657,1
25182,1
13446,1
10284,1
6775,1
28201,1
4111,1
1868,1
27455,1
25670,1
31971,1
2510,1
7413,1
28619,1
14461,1
7790,1
21607,1
4281,1
8708,1
13013,1
2433,1
7937,1
15131,1
21296,1
19236,1
7678,1
2730,1
12716,1
7779,1
28354,1
28257,1
13468,1
4042,1
18709,1
4660,1
12214,1
29455,1
25765,1
5614,1
3704,1
442,1
15466,1
2030,1
3627,1
19192,1
20326,1
12458,1
14479,1
287,1
5987,1
6156,1
4761,1
29873,1
25123,1
28647,1
25419,1
17616,1
18804,1
8836,1
30079,1
19891,1
27133,1
27176,1
16942,1
3892,1
3376,1
16839,1
8392,1
7349,1
31351,1
2207,1
2397,1
18678,1
32079,1
26134,1
28431,1
16655,1
11481,1
10146,1
23068,1
20784,1
3501,1
17831,1
3016,1
25515,1
26250,1
13661,1
21771,1
2729,1
20985,1
3513,1
15895,1
26417,1
30653,1
10995,1
13011,1
26387,1
122,1
1364,1
23189,1
3549,1
26398,1
1621,1
2416,1
18943,1
6112,1
15365,1
13104,1
24474,1
23706,1
20537,1
6146,1
6235,1
26548,1
30294,1
7296,1
27845,1
14050,1
18328,1
21804,1
18451,1
26851,1
8164,1
23987,1
10825,1
11459,1
25933,1
18380,1
2686,1
25620,1
18841,1
29858,1
14042,1
19086,1
16558,1
13408,1
31992,1
19678,1
18530,1
5514,1
21822,1
15066,1
1529,1
14659,1
24262,1
17974,1
14696,1
6687,1
31296,1
27672,1
6574,1
4048,1
8849,1
20411,1
22117,1
8222,1
23799,1
9157,1
9452,1
28005,1
24404,1
22898,1
29954,1
20142,1
14009,1
7327,1
23075,1
22743,1
12771,1
13346,1
184,1
3159,1
30587,1
15464,1
16347,1
19376,1
11025,1
22541,1
14255,1
13605,1
15573,1
26068,1
15065,1
4752,1
7382,1
15003,1
20390,1
17579,1
10391,1
30322,1
8266,1
7741,1
12085,1
1436,1
7391,1
3986,1
243,1
30391,1
13543,1
3125,1
14269,1
10993,1
26532,1
32100,1
12320,1
1720,1
2708,1
2524,1
10435,1
21161,1
17106,1
20865,1
3746,1
9348,1
10275,1
22358,1
19000,1
14875,1
3212,1
2739,1
17484,1
1080,1
23882,1
9390,1
8271,1
19682,1
14191,1
32128,1
7858,1
5000,1
1764,1
23744,1
8214,1
7759,1
25366,1
10086,1
10504,1
4772,1
20207,1
31773,1
24181,1
20099,1
31789,1
31025,1
28024,1
12062,1
30508,1
9781,1
21576,1
24597,1
4408,1
29170,1
10434,1
5109,1
892,1
6690,1
20911,1
14642,1
29575,1
24929,1
616,1
29882,1
10752,1
14651,1
14472,1
22133,1
9561,1
24367,1
30516,1
4945,1
20950,1
27982,1
1373,1
6169,1
20507,1
22678,1
21255,1
28084,1
29280,1
2335,1
27074,1
23031,1
22623,1
31329,1
14487,1
17554,1
3490,1
28111,1
25474,1
6199,1
14357,1
28941,1
2355,1
24516,1
1769,1
20816,1
14080,1
9080,1
1313,1
20387,1
18976,1
14716,1
26,1
26394,1
11655,1
19844,1
26439,1
19399,1
19105,1
5782,1
18795,1
1131,1
26894,1
475,1
13724,1
14941,1
9903,1
17003,1
15388,1
27684,1
9052,1
24095,1
24350,1
27046,1
31316,1
25961,1
23671,1
19614,1
23296,1
30637,1
4598,1
4387,1
6465,1
30954,1
19202,1
7239,1
7319,1
11475,1
18892,1
28204,1
21735,1
5208,1
5330,1
10715,1
24678,1
16816,1
24194,1
17459,1
22176,1
23383,1
32062,1
9821,1
3828,1
28609,1
3955,1
20133,1
4695,1
13989,1
20394,1
13117,1
10574,1
4645,1
4438,1
27366,1
29660,1
12913,1
15325,1
22267,1
10053,1
26402,1
25893,1
32240,1
27575,1
27965,1
7801,1
32549,1
19796,1
17751,1
5836,1
1494,1
25921,1
30767,1
30760,1
7546,1
22172,1
28133,1
7100,1
30893,1
3061,1
850,1
31207,1
910,1
17640,1
18994,1
31883,1
10733,1
21691,1
8274,1
2432,1
23009,1
4205,1
17033,1
6291,1
25104,1
25511,1
30430,1
18005,1
31930,1
3062,1
1715,1
18132,1
1694,1
31135,1
17215,1
4326,1
16649,1
18658,1
10533,1
31614,1
3524,1
27399,1
26708,1
7942,1
22812,1
29370,1
104,1
26951,1
6430,1
25275,1
14531,1
8732,1
26163,1
23615,1
14864,1
5542,1
22811,1
20313,1
30217,1
11975,1
15993,1
24628,1
23482,1
28393,1
26804,1
12717,1
20609,1
27833,1
19987,1
18001,1
30844,1
21841,1
23246,1
898,1
2596,1
26017,1
20384,1
13406,1
30193,1
17869,1
20934,1
9539,1
136,1
20583,1
19675,1
24677,1
2054,1
19126,1
12473,1
10287,1
29809,1
17258,1
3917,1
8276,1
19123,1
13009,1
28383,1
3430,1
5618,1
31639,1
20541,1
18745,1
14981,1
25643,1
2731,1
30694,1
7747,1
11866,1
12484,1
14666,1
19120,1
2446,1
18581,1
29727,1
10860,1
28994,1
2226,1
12061,1
6002,1
11183,1
1232,1
396,1
8616,1
21286,1
3839,1
26517,1
20344,1
19505,1
9059,1
6954,1
32116,1
13779,1
24054,1
25024,1
1921,1
932,1
760,1
26758,1
13828,1
13231,1
6340,1
14167,1
8104,1
18463,1
19917,1
29671,1
8744,1
17326,1
8857,1
3145,1
31589,1
9857,1
13747,1
6377,1
13845,1
13061,1
7441,1
27627,1
10166,1
23641,1
7616,1
8752,1
13380,1
12776,1
25873,1
27438,1
18168,1
13095,1
15252,1
30617,1
32019,1
27159,1
32068,1
11441,1
24866,1
2910,1
30262,1
8579,1
31910,1
1962,1
657,1
18758,1
22000,1
32489,1
10436,1
20434,1
11567,1
9145,1
29844,1
1002,1
11701,1
19356,1
10126,1
12638,1
9318,1
27510,1
18739,1
10156,1
10115,1
11073,1
5957,1
18915,1
21577,1
30599,1
24290,1
30359,1
18502,1
7913,1
26979,1
21778,1
25293,1
8447,1
8594,1
22277,1
2723,1
25648,1
7542,1
9936,1
11168,1
13188,1
23723,1
15554,1
30960,1
17947,1
29632,1
20961,1
9941,1
28105,1
8893,1
15025,1
27244,1
12422,1
13992,1
21122,1
3668,1
22086,1
13217,1
21856,1
17670,1
24503,1
505,1
10967,1
30829,1
20956,1
673,1
22770,1
19661,1
24797,1
21537,1
29431,1
24632,1
27693,1
6528,1
32172,1
8030,1
2146,1
31663,1
21018,1
23440,1
25671,1
20304,1
18233,1
25988,1
12490,1
5260,1
16512,1
11942,1
14075,1
19518,1
10395,1
18563,1
6653,1
24417,1
14114,1
23514,1
14500,1
6879,1
23073,1
7720,1
20653,1
25488,1
7604,1
3281,1
27397,1
7605,1
16509,1
22253,1
25450,1
4763,1
10185,1
7134,1
8006,1
7989,1
12020,1
2601,1
25781,1
18126,1
22757,1
9662,1
6883,1
29750,1
26197,1
26393,1
9604,1
15287,1
11064,1
21416,1
27775,1
30635,1
169,1
21608,1
17937,1
32113,1
10051,1
18988,1
11893,1
17549,1
29011,1
837,1
14714,1
13569,1
2792,1
24959,1
9335,1
15299,1
30969,1
2022,1
29309,1
29344,1
166,1
1156,1
24770,1
3340,1
28661,1
12383,1
30957,1
11034,1
15499,1
20451,1
24860,1
22793,1
6265,1
23705,1
18346,1
15601,1
22139,1
10068,1
2179,1
945,1
1976,1
19012,1
11070,1
5193,1
31699,1
13130,1
8907,1
20829,1
7758,1
3277,1
23319,1
10619,1
21500,1
11465,1
490,1
30860,1
23741,1
9875,1
30681,1
21513,1
19772,1
28891,1
14657,1
18424,1
18310,1
12679,1
11014,1
2593,1
15073,1
23618,1
11001,1
19261,1
23362,1
19326,1
10367,1
8247,1
31249,1
1838,1
22637,1
16634,1
24814,1
31039,1
30973,1
13034,1
7287,1
20078,1
30382,1
24080,1
31021,1
13179,1
5292,1
22518,1
29162,1
16708,1
20515,1
21617,1
23624,1
1225,1
29921,1
11493,1
6121,1
20149,1
1047,1
11472,1
25878,1
17891,1
813,1
9397,1
26186,1
23182,1
1562,1
32160,1
3041,1
28856,1
28867,1
15549,1
7040,1
26263,1
1837,1
29578,1
6172,1
20936,1
17142,1
9384,1
8029,1
3029,1
20222,1
3161,1
29434,1
29072,1
14350,1
18967,1
17228,1
19156,1
17431,1
533,1
18774,1
22577,1
4657,1
11482,1
26962,1
21246,1
20765,1
11566,1
11226,1
6149,1
5155,1
31440,1
16580,1
29685,1
15014,1
18845,1
18456,1
8812,1
18713,1
29383,1
16579,1
29650,1
14020,1
29021,1
4732,1
8933,1
20388,1
16166,1
19588,1
6189,1
1573,1
8087,1
25181,1
16175,1
11421,1
17562,1
15095,1
31629,1
14261,1
22710,1
31468,1
7713,1
29698,1
3266,1
25798,1
22383,1
1169,1
29853,1
20966,1
3163,1
12052,1
17407,1
9878,1
29121,1
5621,1
24481,1
13820,1
4234,1
13728,1
6414,1
6192,1
12307,1
11888,1
23465,1
28792,1
5457,1
10994,1
6617,1
10332,1
32268,1
12912,1
16983,1
443,1
27720,1
4060,1
25825,1
524,1
28519,1
17093,1
1693,1
1700,1
27754,1
18764,1
22705,1
3915,1
13757,1
25902,1
17630,1
7344,1
24606,1
31873,1
7583,1
5583,1
24078,1
2078,1
15909,1
3956,1
19099,1
7962,1
6712,1
6014,1
8740,1
17519,1
10306,1
11351,1
16641,1
1387,1
13657,1
1928,1
28980,1
30712,1
24129,1
9169,1
9965,1
12461,1
22486,1
1487,1
26573,1
8343,1
26933,1
9564,1
5484,1
64,1
8039,1
21752,1
23411,1
15682,1
1680,1
30696,1
9130,1
32309,1
19287,1
4264,1
817,1
1109,1
22290,1
29619,1
22696,1
21540,1
15439,1
26991,1
5676,1
28628,1
32333,1
29128,1
6902,1
25524,1
10325,1
27342,1
9557,1
21436,1
247,1
4508,1
31626,1
6313,1
31375,1
5790,1
3051,1
28958,1
31224,1
19665,1
21871,1
24707,1
10410,1
22590,1
6452,1
6664,1
10424,1
26143,1
9460,1
5370,1
22529,1
28972,1
12612,1
10159,1
15490,1
24616,1
6873,1
32536,1
5310,1
6453,1
21934,1
13114,1
1791,1
6432,1
15163,1
23865,1
783,1
17965,1
19276,1
18527,1
5996,1
24109,1
13686,1
13907,1
12054,1
19746,1
17899,1
28392,1
30751,1
755,1
32402,1
9672,1
19673,1
23771,1
26354,1
28143,1
8699,1
7469,1
7154,1
4764,1
24209,1
8325,1
26023,1
12851,1
8195,1
28243,1
14183,1
17945,1
29519,1
18663,1
31970,1
29101,1
17472,1
29849,1
20710,1
11539,1
5259,1
1544,1
3352,1
1448,1
29057,1
16846,1
29397,1
24393,1
31016,1
31888,1
11084,1
10670,1
12352,1
1714,1
27149,1
26153,1
26874,1
13638,1
7820,1
26941,1
27107,1
28291,1
13944,1
19059,1
31286,1
7114,1
2711,1
863,1
30267,1
5160,1
29117,1
30643,1
56,1
8501,1
22341,1
19525,1
5389,1
5281,1
4496,1
30848,1
15017,1
5066,1
27565,1
10812,1
29586,1
476,1
17897,1
30332,1
1349,1
22992,1
28838,1
21505,1
9572,1
9706,1
4261,1
24053,1
12338,1
1339,1
9152,1
5474,1
20853,1
8822,1
17789,1
24787,1
3088,1
7492,1
26262,1
4751,1
11526,1
27197,1
7452,1
14887,1
3689,1
12621,1
1479,1
24967,1
8138,1
16015,1
17919,1
9093,1
766,1
13137,1
32421,1
4679,1
28835,1
21559,1
27234,1
28283,1
26357,1
5068,1
19203,1
13495,1
9668,1
32510,1
16527,1
26411,1
25766,1
20560,1
19274,1
13818,1
3703,1
4460,1
17475,1
24925,1
23951,1
27597,1
12028,1
20341,1
27828,1
29992,1
10691,1
1006,1
20919,1
14760,1
789,1
4013,1
1500,1
1647,1
27089,1
27193,1
24608,1
300,1
17719,1
18442,1
27809,1
15315,1
10569,1
31137,1
14783,1
9167,1
11684,1
7145,1
4523,1
24772,1
15341,1
4379,1
9436,1
28268,1
28400,1
13450,1
4085,1
24666,1
19199,1
9046,1
6806,1
7997,1
16786,1
12943,1
5936,1
1811,1
23095,1
21131,1
27767,1
11518,1
21347,1
21259,1
29235,1
5209,1
14845,1
3400,1
8080,1
6512,1
6566,1
6995,1
10419,1
25221,1
7978,1
27434,1
3897,1
22289,1
6048,1
11621,1
28087,1
18655,1
20167,1
2981,1
9305,1
9866,1
26629,1
28502,1
17259,1
5121,1
28752,1
20641,1
7054,1
5014,1
698,1
4428,1
5776,1
31866,1
10548,1
4007,1
15487,1
12675,1
14437,1
25514,1
16393,1
26513,1
32364,1
11230,1
23163,1
18694,1
1413,1
25496,1
25156,1
10646,1
6454,1
26432,1
24079,1
20235,1
29061,1
4849,1
23825,1
22514,1
23663,1
3419,1
18701,1
22719,1
3044,1
16147,1
9663,1
25674,1
16682,1
2492,1
15119,1
7547,1
18339,1
3494,1
16150,1
18246,1
1836,1
4139,1
23742,1
13929,1
17556,1
18744,1
23336,1
28333,1
19072,1
22726,1
12583,1
23601,1
8945,1
20577,1
32001,1
25344,1
2194,1
1303,1
7653,1
14619,1
30029,1
16039,1
22457,1
8520,1
10580,1
9642,1
30474,1
21308,1
31821,1
3005,1
13565,1
16264,1
15283,1
24160,1
15669,1
3,1
2064,1
26738,1
15151,1
10760,1
32444,1
27515,1
7440,1
22828,1
31297,1
18801,1
2907,1
20794,1
6858,1
25377,1
21898,1
8004,1
15660,1
27589,1
30000,1
15771,1
5989,1
6798,1
29958,1
22274,1
13514,1
8395,1
18327,1
30822,1
20058,1
32012,1
2371,1
31192,1
828,1
13945,1
3180,1
21645,1
20376,1
18012,1
9179,1
29053,1
30944,1
16169,1
31014,1
19651,1
23841,1
28271,1
15432,1
21482,1
30181,1
14143,1
6728,1
30421,1
7532,1
32087,1
30055,1
14589,1
29190,1
7093,1
28373,1
5108,1
18192,1
27581,1
28529,1
22069,1
3126,1
11079,1
2109,1
23000,1
22918,1
9833,1
23669,1
11509,1
17389,1
12805,1
6410,1
145,1
6597,1
23758,1
856,1
20557,1
16687,1
6042,1
21394,1
11955,1
2598,1
29610,1
20638,1
23681,1
15114,1
8656,1
6404,1
27280,1
24057,1
13934,1
16424,1
3449,1
25235,1
7221,1
24462,1
3950,1
10978,1
9784,1
20684,1
9063,1
1591,1
1266,1
2372,1
19994,1
5500,1
19527,1
22748,1
29360,1
18228,1
18555,1
24725,1
14641,1
1628,1
6059,1
9824,1
9963,1
23429,1
6981,1
27301,1
30790,1
13229,1
18234,1
27749,1
12223,1
28648,1
7954,1
29171,1
22975,1
24090,1
27974,1
29140,1
685,1
30228,1
10373,1
13482,1
12271,1
27319,1
11941,1
2066,1
12405,1
21899,1
28534,1
11785,1
30586,1
1148,1
17306,1
31261,1
22327,1
14683,1
25039,1
11850,1
11586,1
16238,1
25636,1
925,1
24049,1
22531,1
3830,1
5111,1
1772,1
31227,1
2284,1
20264,1
18715,1
19927,1
31749,1
17983,1
12049,1
26869,1
8415,1
1097,1
16061,1
7576,1
9532,1
20589,1
12602,1
22995,1
17412,1
16273,1
20736,1
1865,1
27692,1
5269,1
18796,1
1967,1
9233,1
3692,1
20509,1
6141,1
1872,1
28389,1
29266,1
31922,1
23835,1
14631,1
20506,1
31305,1
10199,1
28556,1
397,1
15005,1
19341,1
18026,1
17399,1
17986,1
17160,1
3121,1
8182,1
23647,1
1336,1
26958,1
17837,1
28298,1
15973,1
18525,1
18259,1
18039,1
26075,1
14566,1
5823,1
5439,1
13633,1
19903,1
9907,1
26784,1
32502,1
5202,1
395,1
1790,1
9049,1
2890,1
17380,1
18420,1
22600,1
19962,1
22254,1
12112,1
2713,1
13270,1
16107,1
3904,1
2042,1
19756,1
3713,1
15605,1
6631,1
22051,1
15743,1
8802,1
13555,1
26308,1
8066,1
24804,1
23983,1
15612,1
26968,1
16546,1
2579,1
28916,1
13332,1
1143,1
32298,1
27224,1
14695,1
1554,1
10341,1
7011,1
25290,1
5532,1
10134,1
8282,1
29774,1
12242,1
22233,1
8544,1
21275,1
18211,1
23748,1
1987,1
21374,1
26826,1
8569,1
11629,1
27024,1
6680,1
19851,1
27599,1
18391,1
362,1
25495,1
24508,1
10294,1
5117,1
27686,1
2991,1
4891,1
7220,1
13119,1
17006,1
10315,1
22528,1
9911,1
13019,1
518,1
27791,1
21901,1
10981,1
30707,1
19863,1
11114,1
20000,1
32237,1
9429,1
6024,1
31788,1
26707,1
25105,1
14425,1
2484,1
16833,1
17327,1
617,1
24148,1
22512,1
11148,1
31607,1
28834,1
14886,1
27652,1
3013,1
27286,1
23948,1
3803,1
21777,1
10219,1
18989,1
30383,1
20700,1
15452,1
1228,1
18358,1
131,1
15064,1
5694,1
10311,1
25230,1
29082,1
21900,1
11262,1
7073,1
24841,1
30377,1
16811,1
31011,1
9089,1
21477,1
29973,1
7322,1
3870,1
26901,1
18986,1
31838,1
18036,1
26606,1
8590,1
22666,1
13138,1
14653,1
6814,1
26561,1
13861,1
8710,1
4246,1
20663,1
16798,1
1274,1
8270,1
7812,1
15544,1
2465,1
6815,1
8290,1
30052,1
22769,1
19116,1
4528,1
6251,1
19324,1
8723,1
29405,1
16009,1
11657,1
26976,1
11383,1
95,1
31446,1
1792,1
8460,1
12109,1
3591,1
2156,1
26427,1
27808,1
24151,1
30105,1
14299,1
9221,1
13982,1
20306,1
5106,1
30073,1
29130,1
6891,1
5550,1
377,1
21902,1
20247,1
1188,1
23729,1
23159,1
24248,1
15216,1
10862,1
1995,1
11193,1
9137,1
3861,1
2795,1
7618,1
23814,1
7085,1
918,1
16880,1
2853,1
10246,1
14765,1
23508,1
19284,1
7129,1
1155,1
24688,1
11419,1
17672,1
7361,1
2411,1
19256,1
21776,1
15124,1
11724,1
9638,1
28626,1
32343,1
2997,1
1643,1
8798,1
9520,1
21512,1
26222,1
5308,1
20353,1
3470,1
7070,1
9200,1
26069,1
15785,1
23961,1
16410,1
23766,1
16588,1
21536,1
26060,1
10700,1
308,1
4951,1
14346,1
5611,1
10188,1
32189,1
4030,1
7372,1
5943,1
1916,1
19666,1
4227,1
30360,1
13433,1
16280,1
10167,1
19022,1
32077,1
9729,1
5063,1
18250,1
3533,1
22522,1
5513,1
10938,1
6787,1
19538,1
5307,1
30574,1
2918,1
4308,1
17233,1
13364,1
26369,1
13631,1
20374,1
28581,1
27763,1
4210,1
29522,1
30054,1
2250,1
14032,1
12641,1
2755,1
18390,1
9142,1
3446,1
4436,1
16404,1
5668,1
8850,1
18149,1
15126,1
3007,1
11136,1
8587,1
5198,1
23136,1
1447,1
4731,1
13361,1
20813,1
16995,1
8449,1
22177,1
2566,1
26087,1
9573,1
27895,1
19155,1
31795,1
3688,1
25492,1
17144,1
24721,1
7624,1
14128,1
19988,1
25805,1
4629,1
11402,1
1152,1
12729,1
10866,1
25441,1
7666,1
18080,1
3854,1
12437,1
28261,1
23250,1
7394,1
10288,1
17441,1
1969,1
21313,1
15533,1
27250,1
20621,1
29649,1
2,1
22368,1
5522,1
26960,1
4291,1
2748,1
30514,1
23008,1
190,1
17371,1
24358,1
32285,1
17200,1
8973,1
25027,1
11048,1
21868,1
21539,1
5674,1
16230,1
30989,1
23728,1
974,1
9874,1
10641,1
25839,1
24150,1
29803,1
12152,1
12313,1
18490,1
13609,1
10602,1
23069,1
21751,1
8754,1
6074,1
373,1
21080,1
22722,1
24365,1
15121,1
1850,1
10874,1
30058,1
868,1
14451,1
13430,1
6412,1
20972,1
2877,1
10522,1
1994,1
13948,1
22361,1
21284,1
4957,1
5964,1
22976,1
23688,1
16752,1
14205,1
26661,1
16064,1
7943,1
1103,1
20744,1
9865,1
10597,1
28491,1
9772,1
25274,1
3056,1
26106,1
9526,1
28586,1
14558,1
3313,1
3938,1
26274,1
29283,1
19096,1
5945,1
1137,1
20292,1
13864,1
30975,1
17031,1
10735,1
22380,1
16115,1
22835,1
13208,1
11445,1
5492,1
11713,1
11349,1
31720,1
11222,1
14562,1
14521,1
17471,1
18182,1
22703,1
7024,1
3033,1
13197,1
30949,1
6310,1
25159,1
15111,1
19687,1
30930,1
8717,1
9969,1
2145,1
31507,1
32445,1
28037,1
10780,1
8837,1
16869,1
10255,1
7064,1
17490,1
10365,1
16040,1
26644,1
15773,1
28301,1
23590,1
7109,1
22711,1
28423,1
30226,1
30316,1
10595,1
7601,1
20305,1
16660,1
10062,1
27,1
21915,1
14633,1
27044,1
18549,1
20471,1
30741,1
16448,1
12219,1
20128,1
12840,1
7681,1
9829,1
6445,1
27988,1
23088,1
11625,1
14331,1
32353,1
29729,1
10726,1
13398,1
6517,1
28524,1
12877,1
23804,1
17063,1
14110,1
7475,1
7985,1
4267,1
993,1
14,1
15507,1
31887,1
15721,1
15774,1
21754,1
4038,1
1780,1
13187,1
8483,1
14455,1
21849,1
13607,1
5605,1
6271,1
10474,1
24792,1
19051,1
12323,1
3933,1
25038,1
28148,1
16433,1
11525,1
9694,1
11005,1
3965,1
19191,1
32355,1
31752,1
2053,1
32099,1
51,1
24654,1
4803,1
19069,1
8301,1
16059,1
16653,1
31990,1
28275,1
7223,1
10796,1
18925,1
1473,1
25913,1
8685,1
4071,1
16794,1
11996,1
27773,1
19973,1
1561,1
14840,1
8205,1
1382,1
15156,1
4223,1
26570,1
20181,1
13776,1
6758,1
834,1
24682,1
23346,1
5169,1
10672,1
18707,1
31101,1
937,1
589,1
12617,1
13718,1
17082,1
19715,1
9947,1
22880,1
30440,1
29599,1
25251,1
5047,1
25033,1
10662,1
9695,1
4644,1
7880,1
642,1
5745,1
20435,1
15685,1
964,1
29485,1
11454,1
16091,1
7435,1
16977,1
2632,1
13074,1
23363,1
30138,1
30538,1
2198,1
16779,1
21496,1
27448,1
22611,1
8196,1
32390,1
30592,1
9105,1
12753,1
20285,1
14040,1
4411,1
24186,1
8381,1
30762,1
24768,1
21705,1
4735,1
28882,1
17149,1
30719,1
27738,1
4288,1
9669,1
27898,1
31449,1
30877,1
28630,1
1577,1
12842,1
11881,1
15463,1
11987,1
12525,1
17439,1
17423,1
11082,1
7766,1
18509,1
25850,1
26166,1
28210,1
24247,1
28514,1
18247,1
30984,1
5641,1
26496,1
19122,1
25482,1
22900,1
15557,1
8585,1
8619,1
12970,1
29537,1
23238,1
11440,1
22468,1
18884,1
2659,1
29314,1
30752,1
11037,1
383,1
26902,1
32457,1
10835,1
14707,1
26091,1
21250,1
26282,1
3065,1
20968,1
5088,1
12060,1
16407,1
5875,1
24308,1
25693,1
20938,1
28945,1
29154,1
12260,1
17435,1
20029,1
13230,1
29553,1
14940,1
18073,1
19190,1
21933,1
6077,1
10147,1
27484,1
6391,1
1648,1
1004,1
5341,1
15901,1
22763,1
27523,1
11275,1
4729,1
1317,1
15159,1
13518,1
23765,1
5096,1
16126,1
8046,1
24741,1
8376,1
12700,1
19280,1
1726,1
13888,1
23536,1
3015,1
18116,1
17539,1
18580,1
107,1
2370,1
32520,1
28031,1
29687,1
26763,1
24790,1
31076,1
619,1
8127,1
16654,1
30647,1
23756,1
30842,1
20412,1
10728,1
1051,1
26230,1
22140,1
23097,1
21581,1
6711,1
30227,1
24550,1
13440,1
17365,1
3585,1
11056,1
32169,1
25762,1
12353,1
14789,1
1586,1
19979,1
29461,1
25996,1
11737,1
6547,1
6418,1
5395,1
12844,1
22933,1
361,1
30651,1
26721,1
8360,1
31621,1
14190,1
24196,1
12517,1
27212,1
22373,1
23294,1
29323,1
3516,1
26864,1
2228,1
30675,1
29512,1
22924,1
5021,1
4069,1
22857,1
27192,1
29589,1
14921,1
12208,1
4943,1
24744,1
23210,1
24275,1
19574,1
18460,1
22617,1
29311,1
5353,1
5859,1
14591,1
2937,1
2809,1
22335,1
18013,1
18244,1
4550,1
4608,1
8688,1
8542,1
23655,1
6792,1
11639,1
27315,1
9657,1
30942,1
10145,1
9365,1
23769,1
16302,1
371,1
29530,1
31844,1
7430,1
80,1
2340,1
16685,1
8653,1
19002,1
8890,1
1161,1
1911,1
19523,1
30422,1
19358,1
28406,1
4587,1
26875,1
9803,1
27547,1
24337,1
32411,1
26112,1
5651,1
17398,1
3194,1
6502,1
20066,1
32556,1
16419,1
26650,1
9451,1
1057,1
6800,1
1010,1
1859,1
2884,1
10105,1
31438,1
9210,1
27556,1
24685,1
28341,1
8342,1
22554,1
28229,1
25611,1
23381,1
17503,1
6078,1
21990,1
25372,1
15045,1
17377,1
7892,1
5809,1
27566,1
16907,1
16024,1
19520,1
17655,1
15528,1
4177,1
15089,1
29127,1
27991,1
9010,1
30524,1
2945,1
29596,1
24783,1
18321,1
4886,1
31771,1
27021,1
11416,1
5749,1
5897,1
28467,1
143,1
25072,1
19934,1
27049,1
31923,1
18329,1
7501,1
6354,1
26261,1
17242,1
32304,1
24431,1
13991,1
4357,1
16936,1
13648,1
24719,1
27236,1
3148,1
173,1
17425,1
30191,1
1979,1
3844,1
17832,1
22075,1
23874,1
285,1
3979,1
1392,1
14968,1
21360,1
25697,1
4901,1
25090,1
19278,1
22491,1
12512,1
21747,1
30874,1
4859,1
21180,1
31618,1
21712,1
16170,1
16765,1
8233,1
703,1
5139,1
13793,1
15775,1
3922,1
30833,1
11983,1
23924,1
7811,1
26873,1
26625,1
19048,1
22730,1
7932,1
18895,1
12330,1
12968,1
14844,1
2274,1
4762,1
14408,1
25755,1
30572,1
30064,1
27739,1
20528,1
24111,1
8167,1
3471,1
32067,1
5154,1
24546,1
20126,1
14525,1
16312,1
20722,1
2685,1
7460,1
24320,1
4750,1
30859,1
1016,1
31758,1
7909,1
23042,1
16824,1
1660,1
4677,1
713,1
2376,1
18273,1
22902,1
31320,1
10444,1
28219,1
9879,1
15056,1
14210,1
16218,1
214,1
8052,1
6339,1
1502,1
4944,1
13354,1
26212,1
587,1
269,1
12577,1
7058,1
17741,1
23006,1
23196,1
1077,1
2840,1
15545,1
7023,1
7071,1
17518,1
3967,1
21461,1
19386,1
4354,1
4796,1
21876,1
28946,1
5116,1
6104,1
7631,1
4178,1
5792,1
13997,1
26275,1
3407,1
22306,1
29691,1
13152,1
15852,1
1370,1
20282,1
20505,1
27354,1
9886,1
6619,1
8122,1
6179,1
2530,1
13988,1
26711,1
2902,1
15608,1
19462,1
31767,1
16339,1
15196,1
7533,1
22207,1
12971,1
4157,1
10194,1
14656,1
9778,1
6720,1
9877,1
9153,1
28701,1
18299,1
12394,1
6518,1
8067,1
32291,1
29068,1
16180,1
2562,1
15951,1
17799,1
16966,1
19605,1
14454,1
27092,1
20183,1
3486,1
12162,1
22318,1
22892,1
1272,1
29244,1
31186,1
12430,1
4874,1
14248,1
24014,1
5404,1
20796,1
20708,1
5437,1
23830,1
20082,1
18124,1
7845,1
756,1
9310,1
1710,1
31819,1
27451,1
13499,1
31439,1
16464,1
22202,1
15366,1
29077,1
13606,1
5718,1
31441,1
32234,1
30846,1
26052,1
19336,1
27750,1
20835,1
17357,1
11628,1
11880,1
18297,1
23891,1
10431,1
23264,1
6552,1
25154,1
18996,1
24890,1
24467,1
7676,1
9683,1
29982,1
4650,1
15093,1
6177,1
22473,1
21653,1
21158,1
26499,1
27513,1
17946,1
7186,1
24740,1
30354,1
31271,1
26021,1
5521,1
22467,1
18476,1
21326,1
11626,1
26130,1
14757,1
9411,1
29765,1
5234,1
2763,1
10165,1
3177,1
10503,1
18194,1
6501,1
31104,1
24397,1
12724,1
2673,1
26816,1
2319,1
23078,1
24300,1
6666,1
10723,1
19685,1
3664,1
24877,1
22831,1
2033,1
22887,1
6006,1
12221,1
13671,1
24728,1
21985,1
16472,1
9410,1
32168,1
31862,1
27527,1
14271,1
1827,1
32252,1
11911,1
4162,1
20150,1
28115,1
24469,1
16510,1
12088,1
150,1
15532,1
21845,1
5332,1
30396,1
2494,1
22749,1
30558,1
16711,1
23180,1
13591,1
14145,1
28600,1
25193,1
1777,1
14799,1
28706,1
5222,1
15016,1
13646,1
22324,1
28572,1
6038,1
24903,1
3962,1
13300,1
11409,1
21971,1
25327,1
23215,1
14830,1
347,1
21012,1
14182,1
25978,1
11660,1
19378,1
9111,1
2480,1
13265,1
5233,1
26985,1
25484,1
29566,1
14851,1
17769,1
12276,1
30127,1
9321,1
14093,1
29743,1
31059,1
26014,1
8693,1
21649,1
31806,1
14902,1
28027,1
12565,1
23498,1
16592,1
3575,1
21728,1
25302,1
6796,1
27047,1
22574,1
27001,1
3231,1
9680,1
17996,1
11953,1
19362,1
30776,1
19912,1
27121,1
7110,1
3587,1
24587,1
14275,1
32052,1
26946,1
17253,1
11423,1
21031,1
7376,1
10940,1
20592,1
22375,1
3325,1
27870,1
24268,1
3004,1
13926,1
17158,1
1820,1
30756,1
25094,1
28446,1
19219,1
19814,1
1849,1
14056,1
11825,1
24642,1
7511,1
17633,1
29305,1
4091,1
655,1
32039,1
22756,1
5806,1
624,1
23960,1
13749,1
26350,1
12537,1
28097,1
5002,1
15354,1
21896,1
19911,1
23216,1
8157,1
19500,1
9686,1
4041,1
30795,1
8283,1
31750,1
29723,1
8121,1
2806,1
2037,1
31966,1
11640,1
7224,1
2630,1
28269,1
3319,1
11139,1
22999,1
28462,1
31924,1
6716,1
4536,1
28304,1
24696,1
1481,1
3891,1
18770,1
19539,1
21316,1
22843,1
11319,1
15873,1
19152,1
7042,1
11024,1
13618,1
28691,1
28278,1
29942,1
2379,1
369,1
20905,1
13690,1
7466,1
4231,1
31344,1
2301,1
29754,1
6946,1
21813,1
21888,1
6280,1
12548,1
5916,1
17576,1
22513,1
25956,1
3534,1
28134,1
126,1
31103,1
659,1
9569,1
27605,1
30876,1
17476,1
7392,1
29463,1
13191,1
15492,1
13841,1
29576,1
726,1
15442,1
10113,1
1397,1
25603,1
15122,1
1784,1
24991,1
4066,1
12343,1
25595,1
8613,1
11693,1
1588,1
8332,1
30561,1
913,1
6973,1
2993,1
14375,1
6861,1
17781,1
2672,1
1496,1
6933,1
7870,1
9862,1
27676,1
31796,1
744,1
31463,1
21293,1
27322,1
25602,1
1177,1
30165,1
4682,1
3619,1
20733,1
14885,1
18230,1
12934,1
23080,1
18661,1
24166,1
26438,1
1046,1
13182,1
20694,1
15087,1
12564,1
12336,1
23308,1
26415,1
4678,1
3741,1
4487,1
13533,1
7235,1
3895,1
650,1
30317,1
15905,1
4503,1
9759,1
10069,1
4911,1
1504,1
7590,1
6276,1
22322,1
26288,1
30902,1
27889,1
27167,1
31525,1
29996,1
12453,1
17038,1
16689,1
12779,1
10334,1
11535,1
10251,1
5177,1
22123,1
18997,1
13919,1
17277,1
4101,1
32059,1
11207,1
4467,1
27936,1
10620,1
14177,1
7105,1
8762,1
32292,1
27338,1
31497,1
17479,1
14201,1
17911,1
25197,1
30996,1
29880,1
15783,1
24882,1
6323,1
3036,1
1886,1
15135,1
29588,1
27539,1
11786,1
12900,1
20879,1
3113,1
15161,1
18816,1
9329,1
4581,1
19221,1
1305,1
31889,1
30130,1
26703,1
9507,1
20601,1
2383,1
17041,1
14545,1
12538,1
5788,1
21988,1
11427,1
21434,1
17330,1
18004,1
3396,1
26429,1
1978,1
8218,1
28768,1
22688,1
24938,1
13884,1
30472,1
12916,1
18343,1
12871,1
15170,1
1029,1
6001,1
31094,1
1920,1
12183,1
29884,1
2709,1
9665,1
15908,1
17051,1
24714,1
21805,1
6161,1
9888,1
27923,1
1290,1
10500,1
7354,1
2160,1
18859,1
12095,1
16380,1
10607,1
20848,1
5381,1
16700,1
2348,1
11746,1
12608,1
25862,1
13624,1
19775,1
27093,1
30344,1
19344,1
14634,1
29070,1
19980,1
5420,1
18315,1
28560,1
23802,1
10502,1
24391,1
11142,1
4292,1
7004,1
2980,1
2919,1
1041,1
1467,1
2895,1
2073,1
23690,1
16310,1
23837,1
6641,1
14584,1
23223,1
8558,1
29694,1
19555,1
10089,1
19590,1
8797,1
20172,1
15632,1
16300,1
27529,1
29438,1
32262,1
32499,1
229,1
11418,1
14898,1
24009,1
7035,1
8146,1
19084,1
2366,1
28594,1
207,1
16753,1
14535,1
10457,1
29540,1
2123,1
17452,1
27285,1
21969,1
23371,1
11115,1
14945,1
31130,1
10585,1
5274,1
26072,1
31095,1
19491,1
1902,1
1056,1
10637,1
13213,1
20677,1
26467,1
20986,1
25551,1
18197,1
30641,1
16542,1
24443,1
25098,1
18360,1
8089,1
26294,1
26535,1
11251,1
17568,1
25320,1
5982,1
24525,1
12424,1
865,1
21332,1
11343,1
17667,1
7714,1
6856,1
9144,1
1369,1
29350,1
21709,1
8259,1
9926,1
31367,1
6254,1
2434,1
28664,1
25147,1
11234,1
7996,1
9306,1
30203,1
6649,1
2373,1
27394,1
24817,1
17918,1
27509,1
27173,1
15103,1
1709,1
23994,1
27656,1
26029,1
6357,1
32324,1
14731,1
7462,1
26030,1
6036,1
17224,1
16104,1
18519,1
30162,1
6005,1
24205,1
15251,1
7687,1
11326,1
19461,1
28327,1
24569,1
21594,1
14178,1
27587,1
3285,1
26655,1
18979,1
18378,1
29374,1
18615,1
20628,1
780,1
24954,1
9988,1
12677,1
7782,1
12216,1
24641,1
14148,1
32023,1
8169,1
27973,1
345,1
30782,1
19423,1
16992,1
27848,1
1338,1
1611,1
25559,1
6469,1
28170,1
22724,1
11992,1
7096,1
19064,1
9244,1
7785,1
17209,1
26888,1
16929,1
23224,1
2652,1
24263,1
9823,1
9501,1
10298,1
31606,1
24175,1
13790,1
28836,1
7257,1
13493,1
28773,1
13957,1
1559,1
20370,1
3106,1
9336,1
10885,1
29647,1
7544,1
17637,1
19177,1
28403,1
25074,1
23888,1
5074,1
3988,1
5574,1
2352,1
30542,1
19522,1
26556,1
24314,1
15726,1
6865,1
13247,1
14037,1
14207,1
18815,1
18794,1
6017,1
10253,1
5766,1
25771,1
23781,1
22620,1
21062,1
20192,1
5119,1
10650,1
8409,1
9136,1
15567,1
6691,1
25890,1
15362,1
9135,1
25304,1
25931,1
29013,1
26115,1
8479,1
12478,1
15205,1
32410,1
24960,1
16664,1
22782,1
28876,1
31809,1
26078,1
15542,1
10124,1
26982,1
25504,1
5436,1
18286,1
484,1
21216,1
19005,1
21698,1
32431,1
25186,1
21172,1
19981,1
28999,1
4305,1
30292,1
30673,1
25139,1
30732,1
10448,1
7722,1
14389,1
32358,1
16556,1
20797,1
29051,1
1036,1
20382,1
11618,1
10366,1
6830,1
30060,1
15551,1
1380,1
4870,1
9225,1
4073,1
17602,1
9579,1
30279,1
29782,1
5249,1
30493,1
17862,1
25576,1
3276,1
8256,1
13382,1
11026,1
1860,1
10625,1
13126,1
32091,1
21039,1
27689,1
22621,1
21393,1
11144,1
27546,1
93,1
25864,1
15505,1
3753,1
18990,1
402,1
10947,1
4698,1
28154,1
8311,1
8972,1
17951,1
18032,1
15101,1
14475,1
20689,1
352,1
30001,1
29098,1
3022,1
27890,1
7049,1
23285,1
24567,1
18495,1
29836,1
30318,1
581,1
9828,1
18131,1
5214,1
16050,1
19589,1
20483,1
17026,1
13233,1
6139,1
16771,1
27246,1
15946,1
23716,1
816,1
5352,1
23942,1
23517,1
8810,1
8942,1
4512,1
22871,1
13893,1
13943,1
10413,1
10200,1
7633,1
1363,1
29615,1
18538,1
24941,1
23010,1
21807,1
5724,1
17713,1
8187,1
30476,1
31716,1
4674,1
4981,1
7150,1
29617,1
11159,1
982,1
5553,1
27023,1
31362,1
188,1
22677,1
5427,1
14568,1
5011,1
5178,1
20785,1
17686,1
24875,1
5811,1
29287,1
12331,1
28122,1
2424,1
22914,1
26659,1
32449,1
26047,1
16724,1
24249,1
23128,1
29239,1
15015,1
10248,1
7078,1
24826,1
7691,1
1783,1
15046,1
277,1
13532,1
4977,1
10593,1
13105,1
8955,1
3426,1
2859,1
19255,1
18978,1
19037,1
30152,1
29078,1
30088,1
16406,1
28732,1
2930,1
7311,1
13491,1
6250,1
17560,1
31877,1
20909,1
32368,1
11816,1
15781,1
13038,1
31405,1
20176,1
1964,1
19417,1
10623,1
6499,1
28247,1
19920,1
3611,1
18235,1
18792,1
8241,1
25852,1
15958,1
13938,1
4569,1
3646,1
31173,1
17352,1
28508,1
23656,1
7876,1
32211,1
30,1
4173,1
4454,1
30247,1
18524,1
25688,1
2881,1
1425,1
25064,1
14811,1
17893,1
18738,1
20610,1
22595,1
21309,1
29627,1
29037,1
8555,1
31562,1
15960,1
24665,1
4588,1
13574,1
9816,1
18405,1
24412,1
9065,1
5932,1
22917,1
19442,1
11834,1
1271,1
1829,1
27779,1
27076,1
3076,1
3228,1
2903,1
16896,1
31023,1
6802,1
16260,1
19434,1
12660,1
19038,1
7562,1
27363,1
7051,1
24015,1
23621,1
1424,1
26173,1
28813,1
3343,1
13395,1
27668,1
29644,1
31627,1
29890,1
20822,1
31802,1
13526,1
23965,1
26372,1
23581,1
27134,1
13811,1
2957,1
917,1
16589,1
16473,1
4567,1
14955,1
24013,1
32454,1
8847,1
16719,1
17601,1
19443,1
15394,1
23896,1
27609,1
11961,1
1294,1
4866,1
25789,1
19451,1
2834,1
3218,1
10899,1
10783,1
15230,1
22331,1
1245,1
494,1
30400,1
17509,1
16671,1
27320,1
250,1
2478,1
826,1
28737,1
29831,1
14282,1
17683,1
346,1
26345,1
1915,1
4425,1
13310,1
25884,1
21575,1
21942,1
25054,1
7990,1
19348,1
23606,1
28700,1
29377,1
26878,1
9996,1
22490,1
20160,1
3199,1
24187,1
15643,1
15330,1
17666,1
30099,1
1664,1
13611,1
32244,1
12645,1
27136,1
2521,1
30426,1
16440,1
31382,1
12291,1
29295,1
30447,1
2193,1
110,1
19783,1
903,1
11460,1
409,1
8627,1
21059,1
29136,1
18654,1
13578,1
14414,1
2701,1
8280,1
31717,1
32242,1
5396,1
8989,1
21035,1
29180,1
17234,1
8350,1
3135,1
13588,1
10361,1
5725,1
29014,1
23349,1
9737,1
17589,1
2380,1
18717,1
12195,1
203,1
24737,1
30676,1
9195,1
23934,1
7,1
30404,1
29885,1
12568,1
32248,1
18777,1
23652,1
17697,1
26307,1
16105,1
19139,1
21418,1
3667,1
9966,1
11752,1
6622,1
5813,1
1309,1
1059,1
22700,1
21139,1
26948,1
29247,1
17650,1
25582,1
10603,1
24147,1
13323,1
27182,1
15513,1
17469,1
29563,1
17545,1
11420,1
9322,1
31690,1
5104,1
7369,1
13333,1
23952,1
29962,1
11478,1
27328,1
10870,1
8730,1
27751,1
30911,1
2642,1
15755,1
25701,1
32213,1
16950,1
814,1
7411,1
28650,1
19109,1
1755,1
988,1
25613,1
2974,1
20955,1
3529,1
20732,1
521,1
21863,1
4623,1
18030,1
18929,1
28671,1
11782,1
8236,1
25189,1
19990,1
23460,1
17639,1
16194,1
1120,1
4151,1
22806,1
21846,1
1193,1
21882,1
9713,1
23019,1
15634,1
13601,1
28199,1
16624,1
28233,1
11510,1
10911,1
32319,1
8596,1
5737,1
24060,1
11668,1
8901,1
23764,1
20356,1
31742,1
1398,1
14368,1
31061,1
10195,1
6096,1
14239,1
22928,1
6896,1
22589,1
19354,1
21673,1
9599,1
10645,1
29271,1
20846,1
4913,1
23777,1
15836,1
3702,1
4221,1
9154,1
14097,1
7950,1
10009,1
20746,1
8636,1
29259,1
31738,1
7852,1
21854,1
11730,1
4304,1
31916,1
18415,1
11620,1
6990,1
16741,1
29462,1
8414,1
14488,1
8943,1
19998,1
25294,1
17024,1
19053,1
2401,1
14883,1
31222,1
7799,1
27070,1
25468,1
22179,1
8071,1
32022,1
89,1
27203,1
5544,1
18627,1
10848,1
1885,1
4946,1
26998,1
14022,1
10271,1
6606,1
8269,1
14465,1
21247,1
23817,1
17636,1
27919,1
4181,1
28443,1
31538,1
27799,1
13249,1
12742,1
22778,1
15008,1
25191,1
5210,1
16585,1
31352,1
20497,1
17998,1
14794,1
3351,1
25097,1
26824,1
13984,1
24832,1
27711,1
18465,1
8493,1
22302,1
9918,1
5978,1
2487,1
7236,1
12557,1
29635,1
30925,1
17175,1
15716,1
15590,1
27745,1
20929,1
11845,1
18485,1
27255,1
6095,1
30346,1
24871,1
17179,1
19950,1
27247,1
29040,1
3831,1
17333,1
28232,1
6507,1
23015,1
6375,1
9598,1
7980,1
17354,1
2588,1
17313,1
21075,1
989,1
3665,1
4964,1
4773,1
17809,1
9528,1
31430,1
19396,1
32322,1
5797,1
3443,1
31394,1
17990,1
30634,1
29249,1
6827,1
19602,1
15910,1
20363,1
13281,1
20812,1
5009,1
12762,1
17842,1
19902,1
5180,1
13847,1
13802,1
19598,1
18805,1
7695,1
12872,1
28901,1
13,1
22715,1
25289,1
5165,1
29749,1
11345,1
21647,1
13449,1
24659,1
21890,1
23217,1
18789,1
3087,1
14439,1
18620,1
2356,1
3337,1
14415,1
29424,1
19504,1
16317,1
4329,1
9883,1
30569,1
23513,1
2016,1
23241,1
17102,1
16354,1
3898,1
15142,1
30665,1
1698,1
24582,1
2644,1
12752,1
24646,1
10640,1
17117,1
23977,1
3745,1
10129,1
9928,1
3905,1
4779,1
30669,1
26104,1
4268,1
19537,1
25068,1
6604,1
6236,1
31920,1
2311,1
27632,1
4106,1
29847,1
31653,1
10006,1
24206,1
7076,1
26996,1
27142,1
7992,1
7783,1
23649,1
13941,1
5470,1
14680,1
5666,1
4548,1
17723,1
18556,1
295,1
10459,1
7849,1
7079,1
12868,1
1873,1
17272,1
12019,1
799,1
25183,1
1533,1
10703,1
17402,1
31288,1
25336,1
16073,1
20013,1
24715,1
6446,1
27425,1
22896,1
30987,1
30136,1
5279,1
11699,1
9034,1
15461,1
3249,1
16191,1
1765,1
9350,1
10984,1
15344,1
4447,1
12571,1
7139,1
13689,1
30340,1
19510,1
21495,1
22500,1
19339,1
31550,1
7377,1
19900,1
12226,1
26832,1
6183,1
18550,1
25673,1
24799,1
12926,1
28186,1
6843,1
5580,1
22499,1
28656,1
22930,1
5182,1
24853,1
14787,1
32004,1
23320,1
12024,1
5137,1
12682,1
11780,1
1527,1
11725,1
26401,1
20673,1
11347,1
28617,1
3205,1
15737,1
4584,1
14856,1
15668,1
14542,1
20939,1
14046,1
25869,1
9342,1
27477,1
8854,1
28009,1
1037,1
8676,1
16551,1
30845,1
3779,1
6541,1
19288,1
16217,1
24914,1
9260,1
11750,1
26255,1
22950,1
18009,1
18853,1
27759,1
22915,1
20918,1
15043,1
26431,1
10041,1
6424,1
7784,1
17936,1
4282,1
32471,1
16192,1
29593,1
8999,1
7291,1
22416,1
11401,1
17531,1
17238,1
10033,1
8679,1
2627,1
12008,1
21299,1
11153,1
20444,1
5523,1
15714,1
18826,1
2278,1
48,1
28762,1
19271,1
6066,1
19085,1
4116,1
26295,1
24887,1
23149,1
26226,1
12272,1
11932,1
27263,1
18879,1
15966,1
10384,1
16026,1
30812,1
21730,1
18208,1
4,1
901,1
1014,1
6694,1
13738,1
4971,1
6027,1
299,1
31609,1
23631,1
3698,1
1357,1
24876,1
6887,1
1214,1
17749,1
27150,1
7280,1
827,1
24754,1
12757,1
12105,1
5592,1
22164,1
27120,1
1893,1
14157,1
5034,1
30408,1
18575,1
15385,1
12765,1
6429,1
12626,1
30749,1
3642,1
31526,1
26881,1
24152,1
23060,1
1088,1
22084,1
21112,1
22387,1
4052,1
2318,1
27673,1
10847,1
8877,1
9919,1
25349,1
13362,1
29799,1
21860,1
28728,1
22545,1
28646,1
3354,1
11016,1
4792,1
30865,1
22431,1
17669,1
1593,1
23443,1
27883,1
24574,1
22299,1
21102,1
29634,1
16755,1
372,1
1641,1
18041,1
14852,1
15638,1
19312,1
31548,1
24723,1
13520,1
27360,1
31985,1
2282,1
17350,1
28818,1
5805,1
23293,1
25983,1
14541,1
15814,1
10422,1
32529,1
2899,1
30230,1
14338,1
28006,1
29234,1
19514,1
30098,1
9325,1
8015,1
7234,1
12820,1
10076,1
27371,1
9360,1
16266,1
18779,1
3095,1
4703,1
3046,1
14557,1
1083,1
22838,1
16479,1
13705,1
30446,1
30545,1
20989,1
25270,1
19720,1
4634,1
16937,1
28974,1
7640,1
12463,1
4099,1
10516,1
14660,1
26418,1
25552,1
20223,1
24726,1
21290,1
10242,1
25408,1
3345,1
13164,1
14288,1
3500,1
28695,1
825,1
15944,1
9727,1
21471,1
31220,1
27885,1
28861,1
7180,1
17746,1
28831,1
11585,1
20916,1
26786,1
20048,1
16933,1
17217,1
20187,1
15212,1
1249,1
14086,1
9497,1
2664,1
11876,1
16746,1
17247,1
17310,1
1468,1
16081,1
31298,1
22043,1
3552,1
31785,1
25412,1
27077,1
30254,1
31474,1
3859,1
27822,1
32480,1
7471,1
29910,1
11818,1
15437,1
27426,1
21593,1
14284,1
1493,1
9107,1
7841,1
31307,1
24459,1
13513,1
7840,1
2139,1
4115,1
3795,1
8712,1
13808,1
15510,1
5732,1
23306,1
30583,1
103,1
22735,1
3222,1
18956,1
11286,1
26391,1
11107,1
12442,1
29829,1
22525,1
11904,1
25992,1
9648,1
4049,1
26100,1
1892,1
12566,1
1514,1
25952,1
18048,1
9698,1
778,1
10875,1
24058,1
31560,1
4104,1
27778,1
19800,1
26156,1
26790,1
12013,1
1901,1
1515,1
13758,1
25237,1
11389,1
3364,1
24377,1
10135,1
4201,1
29751,1
19758,1
17466,1
2876,1
2533,1
20314,1
5029,1
32181,1
32394,1
21515,1
2564,1
10207,1
21084,1
26710,1
23595,1
24435,1
7549,1
867,1
8400,1
4213,1
25505,1
7195,1
9549,1
30655,1
8108,1
5719,1
3712,1
12824,1
14188,1
17530,1
3346,1
17954,1
8346,1
4800,1
19210,1
14127,1
22601,1
14688,1
22359,1
2245,1
27868,1
3366,1
23302,1
10986,1
32089,1
1142,1
23591,1
8690,1
28205,1
30452,1
25116,1
13843,1
5820,1
29561,1
20965,1
11432,1
27866,1
15947,1
21829,1
29645,1
14745,1
27827,1
15788,1
22993,1
11830,1
17162,1
1354,1
645,1
12092,1
23392,1
15732,1
8566,1
16898,1
452,1
22013,1
20771,1
15860,1
5255,1
26717,1
10034,1
9608,1
23523,1
6777,1
28140,1
20171,1
5842,1
1662,1
6171,1
25044,1
25077,1
3925,1
15259,1
11687,1
18309,1
10765,1
29758,1
10285,1
23966,1
28376,1
23455,1
21141,1
17343,1
19494,1
4381,1
28139,1
22175,1
31502,1
14948,1
18432,1
11678,1
24786,1
25020,1
14220,1
22972,1
18341,1
23312,1
25000,1
20237,1
31622,1
32271,1
29025,1
11158,1
19296,1
24149,1
22412,1
7244,1
7607,1
20787,1
5070,1
18220,1
6791,1
11805,1
18352,1
19766,1
4453,1
4196,1
31849,1
14736,1
9702,1
13856,1
2402,1
24803,1
26025,1
24861,1
29275,1
24604,1
23342,1
4590,1
20371,1
14483,1
15580,1
18252,1
27519,1
17868,1
26290,1
31655,1
17092,1
30299,1
14160,1
17927,1
10416,1
18241,1
29648,1
27796,1
15934,1
19936,1
12178,1
21310,1
5885,1
11166,1
21640,1
2613,1
11647,1
21546,1
14530,1
4820,1
6864,1
3474,1
6737,1
831,1
26287,1
22092,1
6961,1
4398,1
15615,1
7463,1
10546,1
10162,1
18932,1
9092,1
11794,1
26413,1
1238,1
660,1
12166,1
12167,1
221,1
7048,1
29492,1
31579,1
13007,1
16874,1
5394,1
26545,1
13312,1
17817,1
557,1
7214,1
20125,1
32142,1
15736,1
20373,1
16944,1
12035,1
1435,1
6786,1
30770,1
31761,1
24621,1
22591,1
4937,1
9710,1
8835,1
31470,1
11033,1