ID,x-inv,y-inv,force
0,21.58158158158158,-60.0,223.59213882148975
1,36.3963963963964,-59.87987987987988,220.5394734100574
2,5.4054054054054035,-59.75975975975976,222.7762853283447
3,26.94694694694695,-59.63963963963964,207.15771125556603
4,9.409409409409406,-59.51951951951952,205.72498745798885
5,-35.51551551551552,-59.3993993993994,204.59028630058202
6,2.842842842842842,-59.27927927927928,218.44020082875835
7,-17.97797797797798,-59.15915915915916,203.16086053672765
8,25.74574574574575,-59.03903903903904,200.99557577824902
9,-8.84884884884885,-58.91891891891892,218.1068593711725
10,25.98598598598599,-58.7987987987988,201.14184147168743
11,-17.25725725725726,-58.67867867867868,194.81603876416023
12,-11.811811811811811,-58.55855855855856,211.6132809013584
13,26.54654654654655,-58.43843843843844,197.30574107686385
14,24.06406406406407,-58.31831831831832,201.22723752049734
15,-1.8818818818818812,-58.1981981981982,194.51482859870973
16,-37.67767767767768,-58.07807807807808,195.4553131753778
17,-12.932932932932932,-57.95795795795796,209.44640597824886
18,36.31631631631632,-57.83783783783784,208.32781202255316
19,35.43543543543544,-57.71771771771772,209.63662589574022
20,-21.26126126126126,-57.5975975975976,190.47493540252623
21,-31.83183183183183,-57.47747747747748,193.22562596278146
22,11.091091091091087,-57.35735735735736,186.43120556497794
23,19.73973973973974,-57.23723723723724,205.4447787079171
24,-9.88988988988989,-57.11711711711712,204.9933807032075
25,-7.727727727727725,-56.996996996997,191.3905853753701
26,-25.105105105105103,-56.87687687687688,203.85485972992555
27,-23.823823823823822,-56.75675675675676,195.1987011237366
28,-29.26926926926927,-56.63663663663664,199.08487324400772
29,20.38038038038038,-56.51651651651652,201.0327117128029
30,16.936936936936938,-56.3963963963964,201.3876106055457
31,-38.3983983983984,-56.27627627627628,180.35543196131695
32,-25.185185185185183,-56.15615615615616,196.46482598440468
33,-0.7607607607607605,-56.03603603603604,179.25326293985643
34,-34.234234234234236,-55.91591591591592,180.55723813239777
35,-18.53853853853854,-55.7957957957958,181.6582840112139
36,-10.77077077077077,-55.67567567567568,193.6934799739327
37,-12.372372372372372,-55.55555555555556,194.3667270262081
38,23.663663663663662,-55.43543543543544,180.50102757696962
39,-9.72972972972973,-55.31531531531532,192.3909884203962
40,34.474474474474476,-55.1951951951952,194.13540696673607
41,2.1221221221221214,-55.07507507507508,187.67115493310374
42,27.587587587587592,-54.95495495495496,170.2872012858159
43,12.532532532532535,-54.83483483483484,173.42515208061513
44,30.550550550550554,-54.71471471471472,170.57545524959505
45,-33.833833833833836,-54.5945945945946,169.18609433175962
46,-29.10910910910911,-54.474474474474476,185.87756680792876
47,16.616616616616618,-54.354354354354356,181.29657737234876
48,14.214214214214216,-54.234234234234236,169.36949832281852
49,33.193193193193196,-54.114114114114116,183.947556417823
50,-33.753753753753756,-53.993993993993996,169.30419117519094
51,7.487487487487485,-53.873873873873876,178.33845445762145
52,-19.0990990990991,-53.753753753753756,165.17078779242712
53,23.903903903903903,-53.633633633633636,167.42373909659491
54,-28.22822822822823,-53.513513513513516,180.04828447692952
55,6.9269269269269245,-53.393393393393396,180.03599398227456
56,6.846846846846844,-53.273273273273276,179.66007732404103
57,38.7987987987988,-53.153153153153156,176.47842992542866
58,-25.665665665665664,-53.033033033033036,178.18427519171215
59,-24.304304304304303,-52.912912912912915,173.71357068096862
60,-3.403403403403402,-52.792792792792795,160.13380740329762
61,-33.113113113113116,-52.672672672672675,158.73025712254523
62,-21.58158158158158,-52.552552552552555,158.3623935047402
63,39.03903903903904,-52.432432432432435,166.4362057503825
64,-0.9209209209209206,-52.312312312312315,154.84783532575517
65,7.967967967967965,-52.192192192192195,161.77878577300794
66,-25.425425425425423,-52.072072072072075,171.573244412498
67,-24.944944944944943,-51.951951951951955,171.70053280989384
68,13.333333333333336,-51.831831831831835,148.86760058861037
69,38.63863863863864,-51.711711711711715,165.45629830607672
70,29.029029029029033,-51.591591591591595,151.03998461579246
71,-29.18918918918919,-51.471471471471475,166.92609326696316
72,-28.38838838838839,-51.351351351351354,166.87087007495427
73,-33.033033033033036,-51.231231231231234,148.30679792568358
74,39.43943943943944,-51.111111111111114,155.16529946535636
75,-21.66166166166166,-50.990990990990994,150.2672313465359
76,-14.854854854854857,-50.870870870870874,160.6656126390092
77,-7.487487487487485,-50.750750750750754,151.70675672498373
78,-6.846846846846844,-50.630630630630634,146.68866740941237
79,32.952952952952955,-50.510510510510514,162.71017938163186
80,-29.66966966966967,-50.390390390390394,163.03592449314928
81,-6.206206206206204,-50.270270270270274,141.91255584812114
82,-21.5015015015015,-50.150150150150154,143.0121667542208
83,37.67767767767768,-50.030030030030034,159.06351526310863
84,16.376376376376378,-49.90990990990991,157.84601928927157
85,-4.044044044044043,-49.78978978978979,137.79390699756573
86,-37.91791791791792,-49.66966966966967,139.50287098199942
87,-13.573573573573572,-49.54954954954955,153.7962745284379
88,-2.6026026026026017,-49.42942942942943,139.8597729654702
89,-2.6826826826826817,-49.30930930930931,134.2364489008207
90,-23.183183183183182,-49.18918918918919,141.45588217818934
91,32.072072072072075,-49.06906906906907,149.58640442282655
92,36.47647647647648,-48.94894894894895,148.10597964024572
93,-15.255255255255257,-48.82882882882883,151.03341556227582
94,-15.735735735735737,-48.70870870870871,140.94284919005287
95,-10.37037037037037,-48.58858858858859,149.7929197291992
96,-25.345345345345343,-48.46846846846847,148.49538691577973
97,7.647647647647645,-48.34834834834835,142.64884262929317
98,8.208208208208205,-48.22822822822823,135.1920010341394
99,-14.534534534534536,-48.10810810810811,146.00704462179354
100,38.87887887887888,-47.98798798798799,139.13320440528435
101,17.4974974974975,-47.86786786786787,144.0175031089661
102,11.891891891891895,-47.74774774774775,128.69328938905838
103,1.721721721721721,-47.62762762762763,145.382662714654
104,-18.37837837837838,-47.50750750750751,131.6825548511748
105,24.78478478478479,-47.38738738738739,128.3105112849441
106,-37.35735735735736,-47.26726726726727,124.6484782492209
107,1.9619619619619613,-47.147147147147145,143.89185291054972
108,36.87687687687688,-47.027027027027025,140.3533132031014
109,-28.46846846846847,-46.906906906906904,139.17415073192458
110,3.4834834834834822,-46.786786786786784,141.31802681456875
111,-37.03703703703704,-46.666666666666664,121.53095260354509
112,-9.40940940940941,-46.546546546546544,138.75589676174062
113,-17.4974974974975,-46.426426426426424,120.47804116801025
114,39.83983983983984,-46.306306306306304,122.04739044604085
115,-9.56956956956957,-46.186186186186184,137.353177435835
116,-2.762762762762762,-46.066066066066064,118.31744043102636
117,-22.54254254254254,-45.945945945945944,120.55250524844405
118,-29.90990990990991,-45.825825825825824,135.19297172536375
119,25.50550550550551,-45.705705705705704,117.17605561073778
120,-30.15015015015015,-45.585585585585584,132.16062311092844
121,-25.745745745745744,-45.46546546546546,134.45116656843595
122,-33.273273273273276,-45.34534534534534,114.36194822541775
123,-18.21821821821822,-45.22522522522522,115.29091300834168
124,-38.95895895895896,-45.1051051051051,117.35803523288952
125,13.893893893893896,-44.98498498498498,111.58714824700526
126,37.27727727727728,-44.86486486486486,129.73754742248292
127,34.394394394394396,-44.74474474474474,125.66426927867367
128,31.351351351351354,-44.62462462462462,119.71139259120793
129,-26.306306306306304,-44.5045045045045,125.15919019022718
130,-36.63663663663664,-44.38438438438438,112.27000857497357
131,-31.03103103103103,-44.26426426426426,122.62974410451064
132,4.764764764764763,-44.14414414414414,123.3463888723434
133,11.971971971971975,-44.02402402402402,106.60865570126035
134,6.766766766766764,-43.9039039039039,125.55432635690329
135,39.27927927927928,-43.78378378378378,115.03059836922482
136,-32.232232232232235,-43.66366366366366,103.44495068849491
137,0.36036036036036023,-43.54354354354354,118.12671126470987
138,-7.247247247247245,-43.42342342342342,105.82301329955129
139,13.973973973973976,-43.3033033033033,103.96771841902327
140,13.173173173173176,-43.18318318318318,103.13890044073013
141,-19.01901901901902,-43.06306306306306,105.358549977172
142,-17.57757757757758,-42.94294294294294,102.24712765651034
143,35.75575575575576,-42.82282282282282,117.88977843204893
144,-27.187187187187188,-42.7027027027027,119.68550715338323
145,35.83583583583584,-42.58258258258258,120.12066048754852
146,24.30430430430431,-42.46246246246246,100.82517723858885
147,24.54454454454455,-42.34234234234234,99.43203930612182
148,13.653653653653656,-42.22222222222222,99.8973672730027
149,-18.85885885885886,-42.1021021021021,98.17084961936972
150,34.95495495495496,-41.98198198198198,116.71286754342317
151,7.727727727727725,-41.86186186186186,107.14996153299501
152,-6.126126126126124,-41.74174174174174,95.2236492898187
153,-9.16916916916917,-41.62162162162162,110.61910496966773
154,-8.92892892892893,-41.5015015015015,113.80400619388492
155,8.448448448448445,-41.38138138138138,97.74087698520047
156,-5.165165165165163,-41.26126126126126,94.0811287128656
157,40.0,-41.14114114114114,94.54206809804417
158,-1.2412412412412408,-41.02102102102102,92.27605568251363
159,33.513513513513516,-40.9009009009009,108.74084890502627
160,-10.61061061061061,-40.78078078078078,107.82903171080414
161,-19.97997997997998,-40.66066066066066,93.84413182161336
162,-5.965965965965964,-40.54054054054054,87.84933652853847
163,9.489489489489486,-40.42042042042042,89.47911129613091
164,-0.20020020020020013,-40.3003003003003,94.69484082165971
165,-5.645645645645644,-40.18018018018018,85.99084646330685
166,35.51551551551552,-40.06006006006006,102.78246103160814
167,-12.852852852852852,-39.93993993993994,102.77517204600134
168,-20.94094094094094,-39.81981981981982,86.82088575617057
169,0.20020020020020013,-39.6996996996997,100.10610259683465
170,2.6826826826826817,-39.57957957957958,101.26985662458031
171,9.249249249249246,-39.45945945945946,85.01428772040076
172,17.177177177177178,-39.33933933933934,99.95966067052949
173,4.924924924924923,-39.21921921921922,100.1704798225614
174,11.011011011011007,-39.0990990990991,84.23477122387763
175,5.165165165165163,-38.97897897897898,96.99823755081535
176,27.267267267267272,-38.85885885885886,79.59178248620174
177,33.753753753753756,-38.73873873873874,98.22858498652556
178,9.089089089089086,-38.61861861861862,82.08175893720679
179,18.61861861861862,-38.4984984984985,94.5035718601775
180,-4.204204204204203,-38.37837837837838,81.90866019342387
181,28.868868868868873,-38.25825825825826,80.28371747874981
182,5.325325325325323,-38.13813813813814,95.10452412989738
183,-28.70870870870871,-38.01801801801802,95.0921288124379
184,7.327327327327325,-37.8978978978979,94.07302012401288
185,-19.8998998998999,-37.77777777777778,79.17608290221152
186,-30.87087087087087,-37.65765765765766,89.64209348830488
187,37.51751751751752,-37.53753753753754,92.1742328419685
188,24.70470470470471,-37.41741741741742,74.89577225232217
189,33.353353353353356,-37.2972972972973,92.12354492770848
190,1.481481481481481,-37.17717717717718,93.11886431702784
191,-15.415415415415417,-37.05705705705706,88.77834477961353
192,-32.952952952952955,-36.93693693693694,72.67729826681297
193,6.286286286286284,-36.81681681681682,88.57444174338112
194,15.255255255255257,-36.6966966966967,75.55257424281456
195,38.47847847847848,-36.57657657657658,86.15909240203908
196,-27.90790790790791,-36.45645645645646,90.10940274205294
197,-12.772772772772772,-36.33633633633634,86.2607534106806
198,-35.75575575575576,-36.21621621621622,69.9958930942598
199,10.450450450450447,-36.0960960960961,74.34130600793561
200,-34.394394394394396,-35.97597597597598,70.00985071517347
201,-18.05805805805806,-35.85585585585586,69.58923440005361
202,36.63663663663664,-35.73573573573574,84.38560569756316
203,11.731731731731735,-35.61561561561562,67.3016535952678
204,22.38238238238238,-35.4954954954955,88.18491559451562
205,36.15615615615616,-35.37537537537538,82.54729840823714
206,-31.59159159159159,-35.25525525525526,72.47797246025083
207,-21.1011011011011,-35.13513513513514,68.50017399963276
208,39.67967967967968,-35.01501501501502,68.34264851781599
209,-19.41941941941942,-34.8948948948949,60.93250162913086
210,-2.5225225225225216,-34.77477477477478,67.35797535859743
211,-5.325325325325323,-34.65465465465466,65.83807089912311
212,-29.58958958958959,-34.53453453453454,79.46870270108099
213,-23.583583583583582,-34.414414414414416,70.42224439629014
214,5.645645645645644,-34.29429429429429,77.28795686000338
215,24.86486486486487,-34.17417417417417,58.941972205451684
216,23.743743743743742,-34.05405405405405,66.78209272342396
217,23.503503503503502,-33.93393393393393,69.8752915054796
218,-20.86086086086086,-33.81381381381381,62.4060582489049
219,-28.62862862862863,-33.69369369369369,77.06474239963237
220,-37.11711711711712,-33.57357357357357,61.13098008716159
221,-22.46246246246246,-33.45345345345345,56.54723965203888
222,23.263263263263262,-33.33333333333333,69.77510529642142
223,-0.2802802802802802,-33.21321321321321,62.47571571817325
224,26.06606606606607,-33.09309309309309,57.91965600708608
225,-26.866866866866864,-32.97297297297297,71.57564424139443
226,5.085085085085083,-32.85285285285285,69.73135698172543
227,-33.513513513513516,-32.73273273273273,56.31562453719195
228,18.05805805805806,-32.61261261261261,72.70367724739614
229,18.13813813813814,-32.49249249249249,68.90407423083002
230,-39.43943943943944,-32.37237237237237,64.50981981630743
231,-26.386386386386384,-32.25225225225225,70.3214462026776
232,23.423423423423422,-32.13213213213213,66.00218008833102
233,-38.07807807807808,-32.01201201201201,52.583000760715166
234,-33.433433433433436,-31.89189189189189,51.37673599128457
235,-17.81781781781782,-31.77177177177177,51.453231821988396
236,-18.77877877877878,-31.65165165165165,54.310745795381045
237,21.5015015015015,-31.53153153153153,67.83600922628229
238,-17.33733733733734,-31.41141141141141,51.37188523342979
239,16.456456456456458,-31.29129129129129,67.08372323676855
240,35.1951951951952,-31.17117117117117,66.2961049098342
241,32.152152152152155,-31.05105105105105,66.12512005186412
242,35.995995995996,-30.93093093093093,66.90024274778484
243,3.163163163163162,-30.81081081081081,64.054669029206
244,14.134134134134136,-30.69069069069069,46.43628508369157
245,-21.34134134134134,-30.57057057057057,49.23496175736863
246,13.253253253253256,-30.45045045045045,50.66844500472787
247,24.22422422422423,-30.33033033033033,48.93421563044694
248,-11.01101101101101,-30.21021021021021,63.89447488261928
249,-10.05005005005005,-30.09009009009009,62.510015127078866
250,-20.38038038038038,-29.96996996996997,47.139112553246264
251,-27.42742742742743,-29.84984984984985,62.02115981536051
252,12.132132132132135,-29.72972972972973,46.1036093041322
253,10.210210210210207,-29.60960960960961,44.595653149174126
254,3.323323323323322,-29.48948948948949,61.01705253185657
255,11.251251251251247,-29.36936936936937,44.00456839968202
256,-1.401401401401401,-29.24924924924925,43.016156818557384
257,33.673673673673676,-29.12912912912913,62.714311830771045
258,-0.8408408408408405,-29.00900900900901,43.27608655958517
259,-33.993993993993996,-28.88888888888889,41.58038396695878
260,31.991991991991995,-28.76876876876877,57.12087964211333
261,-29.02902902902903,-28.64864864864865,56.17954548645965
262,-2.1221221221221214,-28.52852852852853,41.08158943203572
263,-26.226226226226224,-28.40840840840841,54.38020415895934
264,-22.942942942942942,-28.28828828828829,42.381983943811846
265,-26.146146146146144,-28.16816816816817,56.87206895005866
266,-1.0810810810810807,-28.04804804804805,36.46455946636158
267,27.907907907907912,-27.927927927927925,37.00030786358958
268,6.526526526526524,-27.807807807807805,54.98622033257969
269,-29.74974974974975,-27.687687687687685,54.61501278628801
270,-13.813813813813812,-27.567567567567565,52.88411955766377
271,-19.4994994994995,-27.447447447447445,35.55764459891236
272,18.93893893893894,-27.327327327327325,50.92140843462401
273,7.0070070070070045,-27.207207207207205,53.35698419417427
274,-29.98998998998999,-27.087087087087085,53.39870260814043
275,-32.552552552552555,-26.966966966966964,34.05680948180487
276,22.06206206206206,-26.846846846846844,52.27110638705082
277,20.54054054054054,-26.726726726726724,51.1490964315558
278,12.212212212212215,-26.606606606606604,32.34296055622287
279,15.975975975975977,-26.486486486486484,42.02899838569599
280,-1.561561561561561,-26.366366366366364,33.27067534908146
281,32.792792792792795,-26.246246246246244,50.294821322212236
282,-39.35935935935936,-26.126126126126124,41.68860332358197
283,-23.663663663663662,-26.006006006006004,40.8072110517336
284,34.71471471471472,-25.885885885885884,46.777701450428545
285,10.690690690690687,-25.765765765765764,31.53849777016925
286,19.17917917917918,-25.645645645645644,48.006324046410185
287,-9.00900900900901,-25.525525525525524,49.173375986071115
288,0.12012012012012008,-25.405405405405403,39.806542975506275
289,13.413413413413416,-25.285285285285283,29.199247283013996
290,8.288288288288285,-25.165165165165163,33.67160530759932
291,29.909909909909913,-25.045045045045043,28.39180654192531
292,-11.09109109109109,-24.924924924924923,46.90204064995027
293,16.136136136136138,-24.804804804804803,41.89535684188048
294,17.57757757757758,-24.684684684684683,44.66116447763109
295,11.571571571571575,-24.564564564564563,26.994398460568426
296,15.655655655655657,-24.444444444444443,36.847715384695526
297,-38.71871871871872,-24.324324324324323,29.73097961484047
298,14.854854854854857,-24.204204204204203,27.725157448074377
299,22.14214214214214,-24.084084084084083,41.7985908753165
300,-10.13013013013013,-23.963963963963963,40.68178863488442
301,-31.35135135135135,-23.843843843843842,33.64138802898612
302,-20.7007007007007,-23.723723723723722,28.871123470682186
303,-22.62262262262262,-23.603603603603602,25.565319748971262
304,-20.54054054054054,-23.483483483483482,23.642419291569045
305,4.684684684684683,-23.363363363363362,40.89752626435639
306,-17.8978978978979,-23.243243243243242,26.71260733476131
307,-8.528528528528529,-23.123123123123122,41.17575500759148
308,-11.571571571571571,-23.003003003003002,41.374937959486054
309,-9.24924924924925,-22.882882882882882,39.94642787145528
310,19.8998998998999,-22.762762762762762,41.260047700663
311,20.62062062062062,-22.64264264264264,37.7521335744966
312,-25.265265265265263,-22.52252252252252,37.054466377716196
313,-9.08908908908909,-22.4024024024024,39.22828977466326
314,-20.62062062062062,-22.28228228228228,22.409038272184286
315,32.632632632632635,-22.16216216216216,41.32550898930323
316,9.969969969969966,-22.04204204204204,18.30769019012547
317,24.46446446446447,-21.92192192192192,20.32214032304212
318,19.0990990990991,-21.8018018018018,37.34736845110573
319,-15.095095095095097,-21.68168168168168,34.218238991433076
320,26.22622622622623,-21.56156156156156,21.35664259826735
321,12.292292292292295,-21.44144144144144,18.091304485736515
322,22.3023023023023,-21.32132132132132,39.89676361509947
323,-14.374374374374376,-21.2012012012012,38.94935434242516
324,-30.31031031031031,-21.08108108108108,36.360563937218636
325,-37.51751751751752,-20.96096096096096,16.663855006417617
326,29.989989989989994,-20.84084084084084,17.46541106280728
327,11.331331331331334,-20.72072072072072,17.01713122024725
328,1.8018018018018012,-20.6006006006006,32.56819503996513
329,12.772772772772775,-20.48048048048048,17.445737458931706
330,36.23623623623624,-20.36036036036036,31.858107749265553
331,-27.34734734734735,-20.24024024024024,30.77823426379475
332,-20.46046046046046,-20.12012012012012,15.035652552910081
333,-21.82182182182182,-20.0,13.836361067384258
334,-4.604604604604603,-19.87987987987988,16.963477939355244
335,-23.343343343343342,-19.75975975975976,19.981313717565182
336,-5.005005005005003,-19.63963963963964,16.058376585310544
337,-3.003003003003002,-19.51951951951952,14.682226387292141
338,8.848848848848846,-19.3993993993994,13.479687303261635
339,-0.5205205205205203,-19.27927927927928,16.67089435607067
340,10.770770770770767,-19.15915915915916,13.636771282404359
341,16.776776776776778,-19.03903903903904,27.986362128688658
342,21.82182182182182,-18.91891891891892,30.525044844781547
343,-17.73773773773774,-18.7987987987988,12.411802108817712
344,24.94494494494495,-18.67867867867868,14.470238606063763
345,-16.776776776776778,-18.55855855855856,12.067293606434967
346,36.07607607607608,-18.43843843843844,26.681367244327653
347,34.314314314314316,-18.31831831831832,26.771417786283322
348,-12.132132132132131,-18.1981981981982,28.43454405439022
349,22.7027027027027,-18.07807807807808,24.886820535734383
350,16.856856856856858,-17.95795795795796,26.395025865379417
351,-0.6006006006006004,-17.83783783783784,13.407839904547828
352,-32.152152152152155,-17.71771771771772,9.710951197197527
353,-28.14814814814815,-17.5975975975976,21.61116248789877
354,14.694694694694697,-17.47747747747748,8.626811663460455
355,8.688688688688686,-17.35735735735736,7.539247756391319
356,35.03503503503504,-17.237237237237238,23.359936785447953
357,-5.805805805805804,-17.117117117117118,10.038160771923913
358,28.788788788788793,-16.996996996996998,11.091799487397866
359,5.725725725725724,-16.876876876876878,24.52915444368548
360,26.14614614614615,-16.756756756756758,10.39176361245463
361,9.809809809809806,-16.636636636636638,8.615792003053556
362,-4.284284284284283,-16.516516516516518,9.639597609758468
363,-1.9619619619619613,-16.396396396396398,7.27393358653037
364,-34.314314314314316,-16.276276276276278,8.876389692572895
365,-36.3963963963964,-16.156156156156158,6.9377696708279855
366,-26.706706706706704,-16.036036036036037,23.706253367753348
367,-8.128128128128129,-15.915915915915917,15.45508617407532
368,-14.694694694694697,-15.795795795795797,22.122029618599903
369,32.232232232232235,-15.675675675675677,25.1902913640117
370,31.271271271271274,-15.555555555555557,11.195803075222168
371,-8.608608608608609,-15.435435435435437,24.96732932603504
372,34.63463463463464,-15.315315315315317,20.598128724992723
373,20.78078078078078,-15.195195195195197,23.239312933823076
374,18.2982982982983,-15.075075075075077,22.74248458400166
375,30.950950950950954,-14.954954954954957,6.049902436363297
376,-13.413413413413412,-14.834834834834837,20.319261149321747
377,-30.71071071071071,-14.714714714714717,22.546414388584214
378,19.97997997997998,-14.594594594594597,22.963864053951575
379,29.589589589589593,-14.474474474474476,3.89502127398037
380,9.729729729729726,-14.354354354354356,0.9307741946459558
381,-3.4834834834834822,-14.234234234234236,1.6199082130594662
382,-5.245245245245243,-14.114114114114116,4.762132650310677
383,-19.25925925925926,-13.993993993993996,2.7062224160848034
384,25.34534534534535,-13.873873873873876,2.559035683389748
385,-39.1991991991992,-13.753753753753756,11.233183849627936
386,15.415415415415417,-13.633633633633636,6.197882174334788
387,-20.06006006006006,-13.513513513513516,0.9814897505252553
388,-35.91591591591592,-13.393393393393396,3.0062073146370256
389,19.57957957957958,-13.273273273273276,17.517600942602563
390,-14.134134134134133,-13.153153153153156,21.754191376964517
391,-30.79079079079079,-13.033033033033036,19.976401189010737
392,-7.327327327327325,-12.912912912912915,6.182397194622543
393,-30.95095095095095,-12.792792792792795,18.194824773045482
394,-16.696696696696698,-12.672672672672675,-1.529840604663638
395,9.889889889889886,-12.552552552552555,0.6732896357219784
396,22.46246246246246,-12.432432432432435,18.91415615616868
397,-26.626626626626624,-12.312312312312315,18.59104111557089
398,30.870870870870874,-12.192192192192195,2.8519351418733514
399,-36.71671671671672,-12.072072072072075,-0.1853381654137254
400,1.8818818818818812,-11.951951951951955,16.037770777523793
401,27.427427427427432,-11.831831831831835,-1.6297159064045597
402,12.372372372372375,-11.711711711711715,0.7980572042795738
403,-14.774774774774777,-11.591591591591595,16.136962788488624
404,-14.614614614614617,-11.471471471471475,18.631508961626913
405,15.495495495495497,-11.351351351351354,3.391500458679624
406,15.895895895895897,-11.231231231231234,10.79533605720048
407,-35.43543543543544,-11.111111111111114,-2.8624557812008993
408,-17.017017017017018,-10.990990990990994,-0.008549229714144069
409,-19.65965965965966,-10.870870870870874,-1.6493583485070857
410,-25.585585585585584,-10.750750750750754,16.64929032544604
411,-3.243243243243242,-10.630630630630634,2.4988917739379364
412,-23.903903903903903,-10.510510510510514,8.871741961027961
413,-37.83783783783784,-10.390390390390394,-1.8581919235658324
414,-24.864864864864863,-10.270270270270274,15.359956796030682
415,-3.9639639639639626,-10.150150150150154,-4.985569380624543
416,-24.064064064064063,-10.030030030030034,11.09973895175418
417,-34.71471471471472,-9.909909909909913,-1.7730297303923004
418,-6.686686686686684,-9.789789789789793,-4.7752057252725075
419,-17.097097097097098,-9.669669669669673,-3.6252782711408265
420,2.2022022022022014,-9.549549549549553,12.488082065627074
421,-15.575575575575577,-9.429429429429433,4.646163999397916
422,39.75975975975976,-9.309309309309313,2.087796218073192
423,1.1611611611611607,-9.189189189189193,14.039048349235824
424,0.5205205205205203,-9.069069069069073,10.953989668742958
425,21.74174174174174,-8.948948948948953,13.532419713767512
426,-27.82782782782783,-8.828828828828833,13.692390143274014
427,20.14014014014014,-8.708708708708706,12.553100691136496
428,-34.474474474474476,-8.588588588588586,-4.432338735613095
429,-5.725725725725724,-8.468468468468465,-2.3950802763299013
430,-6.766766766766764,-8.348348348348345,-2.939227826196026
431,10.850850850850847,-8.228228228228225,-1.7072895422448706
432,-34.074074074074076,-8.108108108108105,0.04236638706785145
433,-17.177177177177178,-7.987987987987985,-7.588882288588637
434,9.649649649649646,-7.867867867867865,-4.642825309109659
435,21.42142142142142,-7.747747747747745,9.124325382651257
436,11.491491491491495,-7.627627627627625,-7.625386375275173
437,18.77877877877878,-7.507507507507505,10.141454593256626
438,-36.95695695695696,-7.387387387387385,-5.226090290125998
439,-16.936936936936938,-7.267267267267265,-5.85141708093207
440,29.349349349349353,-7.147147147147145,-3.252690376864688
441,26.70670670670671,-7.0270270270270245,-6.092970654863105
442,17.97797797797798,-6.9069069069069045,12.222502861575965
443,-7.807807807807805,-6.786786786786784,1.0626496894627384
444,31.671671671671675,-6.666666666666664,5.364621895435571
445,-32.312312312312315,-6.546546546546544,-5.672731075646755
446,-3.6436436436436423,-6.426426426426424,-6.37271243142437
447,-14.054054054054053,-6.306306306306304,11.49012473783798
448,-28.54854854854855,-6.186186186186184,8.291860626653278
449,-15.655655655655657,-6.066066066066064,1.6892323290130924
450,-30.47047047047047,-5.945945945945944,11.488527681028584
451,-32.072072072072075,-5.825825825825824,-4.532629636437658
452,-1.3213213213213209,-5.705705705705704,-6.101443748987024
453,27.02702702702703,-5.585585585585584,-5.814986964017551
454,14.534534534534536,-5.4654654654654635,-7.190402649717001
455,28.548548548548553,-5.3453453453453434,-6.370640399331945
456,37.5975975975976,-5.225225225225223,10.007799217935059
457,-35.35535535535536,-5.105105105105103,-6.968836058080418
458,-31.27127127127127,-4.984984984984983,3.8490385720719815
459,-2.4424424424424416,-4.864864864864863,-5.996267817426961
460,-37.997997997998,-4.744744744744743,-9.547368450737462
461,-3.8038038038038025,-4.624624624624623,-8.163279655716927
462,-24.384384384384383,-4.504504504504503,11.197916657582365
463,28.708708708708713,-4.384384384384383,-5.13479987765732
464,3.9639639639639626,-4.264264264264263,8.069490289107694
465,-29.42942942942943,-4.144144144144143,10.446874400179697
466,37.91791791791792,-4.024024024024023,8.853839713138479
467,23.343343343343342,-3.9039039039039025,2.2487982546467533
468,-19.33933933933934,-3.7837837837837824,-6.344953547587805
469,18.53853853853854,-3.6636636636636624,6.3893059468211995
470,4.124124124124123,-3.5435435435435423,7.568083955075194
471,-35.1951951951952,-3.423423423423422,-6.876112614143743
472,-34.154154154154156,-3.303303303303302,-6.711643171282658
473,-9.96996996996997,-3.183183183183182,7.491891149857891
474,-16.616616616616618,-3.063063063063062,-8.5813730038478
475,27.827827827827832,-2.942942942942942,-7.892166949432915
476,-32.392392392392395,-2.822822822822822,-6.26456120769985
477,-23.423423423423422,-2.7027027027027017,-5.165150044605248
478,17.33733733733734,-2.5825825825825817,10.41694531629783
479,-4.124124124124123,-2.4624624624624616,-7.283583111481628
480,39.5995995995996,-2.3423423423423415,-1.576905589652107
481,2.762762762762762,-2.2222222222222214,4.578521319013712
482,6.046046046046044,-2.1021021021021014,8.98059732046638
483,-6.046046046046044,-1.9819819819819813,-7.73417339361685
484,-31.51151151151151,-1.8618618618618612,-0.7735492695998611
485,38.95895895895896,-1.7417417417417411,5.320739282952103
486,-10.45045045045045,-1.621621621621621,5.760535162147439
487,-25.025025025025023,-1.501501501501501,10.379878422315203
488,-13.333333333333332,-1.381381381381381,11.546318519374694
489,-25.825825825825824,-1.2612612612612608,8.077840804572089
490,29.669669669669673,-1.1411411411411407,-9.563619534133124
491,5.005005005005003,-1.0210210210210207,6.972815438803874
492,27.667667667667672,-0.9009009009009006,-5.9443013360036545
493,14.054054054054056,-0.7807807807807805,-8.900380984823165
494,25.42542542542543,-0.6606606606606604,-7.867687181349615
495,-31.43143143143143,-0.5405405405405403,-0.7129862691445157
496,-10.93093093093093,-0.42042042042042027,4.240949340986431
497,-31.67167167167167,-0.3003003003003002,-4.6314949238980425
498,27.987987987987992,-0.18018018018018012,-7.806932272573828
499,-16.456456456456458,-0.06006006006006004,-4.899156108379593
500,-30.63063063063063,0.06006006006006004,8.99029458470045
501,22.942942942942942,0.18018018018018012,5.691253172993816
502,5.965965965965964,0.3003003003003002,10.34125492142071
503,-30.55055055055055,0.42042042042042027,8.68379092527249
504,37.03703703703704,0.5405405405405403,6.1583774841522825
505,22.782782782782782,0.6606606606606604,7.3802869055308555
506,5.245245245245243,0.7807807807807805,6.467086942937593
507,25.18518518518519,0.9009009009009006,-8.512043259364146
508,-18.2982982982983,1.0210210210210207,-8.248986263398397
509,-35.27527527527528,1.1411411411411407,-8.295244402590159
510,-37.75775775775776,1.2612612612612608,-7.5965140363333745
511,7.887887887887885,1.381381381381381,-5.064030527537589
512,-22.22222222222222,1.501501501501501,-8.177727988710092
513,9.329329329329326,1.621621621621621,-6.3857018742201035
514,8.048048048048045,1.7417417417417411,-3.3217897761195587
515,-22.7027027027027,1.8618618618618612,-6.836972855948343
516,-30.23023023023023,1.9819819819819813,9.551156040039187
517,30.310310310310314,2.1021021021021014,-9.357598308848992
518,0.8408408408408405,2.2222222222222214,10.243067450021487
519,-6.366366366366364,2.3423423423423415,-8.732982435240576
520,8.368368368368365,2.4624624624624616,-4.389968564899773
521,-27.26726726726727,2.5825825825825817,9.441775801009664
522,17.73773773773774,2.7027027027027017,9.226947733705758
523,24.38438438438439,2.822822822822822,-7.4774020872440365
524,32.312312312312315,2.942942942942942,10.167259814776578
525,30.230230230230234,3.063063063063062,-10.099132368345746
526,-39.03903903903904,3.183183183183182,-2.195731552596742
527,-36.47647647647648,3.303303303303302,-3.674238621226136
528,-13.493493493493492,3.423423423423422,8.280177011732945
529,33.113113113113116,3.5435435435435423,8.431698037683997
530,3.8038038038038025,3.6636636636636624,7.653679598748713
531,13.573573573573576,3.7837837837837824,-7.549487004821312
532,-32.712712712712715,3.9039039039039025,-9.783486631615
533,-21.42142142142142,4.02402402402403,-3.660805072807322
534,-31.75175175175175,4.14414414414415,-2.055454458467527
535,23.023023023023022,4.26426426426427,4.924072801600037
536,-10.53053053053053,4.38438438438439,7.489389782683216
537,-23.503503503503502,4.50450450450451,0.05387859523527161
538,-36.31631631631632,4.62462462462463,-4.282937585728196
539,-14.294294294294293,4.74474474474475,13.06787174817841
540,-13.653653653653652,4.86486486486487,10.460605484838018
541,29.189189189189193,4.98498498498499,-5.60224122611598
542,34.234234234234236,5.10510510510511,7.719256370305023
543,-39.67967967967968,5.2252252252252305,7.487175582206265
544,-31.99199199199199,5.3453453453453506,-4.8205056338131325
545,-12.292292292292291,5.465465465465471,9.76420309671067
546,15.575575575575577,5.585585585585591,2.7273798411913157
547,-38.23823823823824,5.705705705705711,-6.159935012731388
548,-32.472472472472475,5.825825825825831,-5.437979745949851
549,-11.731731731731731,5.945945945945951,11.658051225953987
550,-20.3003003003003,6.066066066066071,-5.5241115270892385
551,6.446446446446444,6.186186186186191,13.541643445535199
552,-0.36036036036036023,6.306306306306311,-4.087114454276795
553,-7.167167167167165,6.426426426426431,-5.807419647625074
554,-21.02102102102102,6.546546546546551,-4.757551481222542
555,-5.565565565565564,6.666666666666671,-4.986906545129454
556,-27.66766766766767,6.7867867867867915,12.640237738283497
557,-11.651651651651651,6.906906906906912,10.940411526571829
558,25.90590590590591,7.027027027027032,-6.0746132261024695
559,28.468468468468473,7.147147147147152,-3.6326275417593785
560,-19.81981981981982,7.267267267267272,-4.207247019591839
561,-34.87487487487488,7.387387387387392,-4.566454908373445
562,-38.47847847847848,7.507507507507512,-4.016568772708839
563,-36.23623623623624,7.627627627627632,-5.312770166248256
564,-24.624624624624623,7.747747747747752,12.109527602011957
565,15.815815815815817,7.867867867867872,4.484244258340388
566,0.040040040040040026,7.987987987987992,6.919063955813462
567,11.171171171171167,8.108108108108112,-4.630980575954567
568,5.885885885885884,8.228228228228232,12.495433468501838
569,-17.41741741741742,8.348348348348352,-4.071437410822169
570,-7.0070070070070045,8.468468468468473,-2.923052724872604
571,-9.32932932932933,8.588588588588593,13.890571896015295
572,-11.411411411411411,8.708708708708713,13.027562095696473
573,-13.093093093093092,8.828828828828833,14.0669423966336
574,31.831831831831835,8.948948948948953,7.383146597532816
575,-9.80980980980981,9.069069069069073,11.10836382402391
576,38.15815815815816,9.189189189189193,16.202399144814738
577,-19.17917917917918,9.309309309309313,-3.5416201050767486
578,7.247247247247245,9.429429429429433,9.393343374189817
579,34.55455455455456,9.549549549549553,12.09794306889305
580,-25.505505505505504,9.669669669669673,11.428660783770605
581,26.38638638638639,9.789789789789793,0.4007427962601642
582,-29.50950950950951,9.909909909909913,14.630788327702302
583,-37.1971971971972,10.030030030030034,-2.374335014359958
584,-13.973973973973973,10.150150150150154,15.051383227666225
585,1.561561561561561,10.270270270270274,14.770682806631598
586,31.911911911911915,10.390390390390394,13.266460469662507
587,-9.48948948948949,10.510510510510514,12.699748828339978
588,15.735735735735737,10.630630630630634,3.240776375547076
589,-6.9269269269269245,10.750750750750754,0.30251068521780744
590,32.872872872872875,10.870870870870874,16.84035826620339
591,-32.792792792792795,10.990990990990994,0.4390244039571245
592,14.774774774774777,11.111111111111114,-2.877621476193066
593,14.454454454454456,11.231231231231234,-1.6175797886940628
594,-7.087087087087085,11.351351351351354,-0.07637083779547191
595,-23.023023023023022,11.471471471471475,2.0153511080936695
596,19.33933933933934,11.591591591591595,18.027535119564874
597,29.509509509509513,11.711711711711715,1.5371148263991086
598,25.02502502502503,11.831831831831835,1.9609700112742496
599,-14.454454454454456,11.951951951951955,16.006320675064295
600,33.913913913913916,12.072072072072075,15.807784228556052
601,38.31831831831832,12.192192192192195,15.871674588646533
602,-40.0,12.312312312312315,14.898577300403455
603,19.25925925925926,12.432432432432435,17.537498859878305
604,19.01901901901902,12.552552552552555,13.843629890944147
605,-22.38238238238238,12.672672672672675,1.2247518833135556
606,22.62262262262262,12.792792792792795,21.580438715541774
607,-17.65765765765766,12.912912912912915,3.343875994679064
608,32.392392392392395,13.033033033033036,21.442440092312207
609,-3.323323323323322,13.153153153153156,2.279444020032738
610,-18.93893893893894,13.273273273273276,6.564011472586584
611,-2.0420420420420413,13.393393393393396,2.5092603669426388
612,-11.971971971971971,13.513513513513516,19.24437128111374
613,-0.12012012012012008,13.633633633633636,11.89005225416885
614,25.82582582582583,13.753753753753756,5.387176899993982
615,13.493493493493496,13.873873873873876,4.314823924910816
616,-34.55455455455456,13.993993993993996,4.479910127681474
617,-7.567567567567565,14.114114114114116,8.938687377176164
618,2.5225225225225216,14.234234234234236,19.14799202037207
619,-21.18118118118118,14.354354354354356,6.515037742132556
620,-8.288288288288289,14.474474474474476,20.249330473111
621,29.829829829829833,14.594594594594597,3.3011111513655362
622,36.55655655655656,14.714714714714717,21.031336994050896
623,26.46646646646647,14.834834834834837,7.863961910292253
624,23.583583583583582,14.954954954954957,13.975620274449609
625,-37.43743743743744,15.075075075075077,5.4645038702430915
626,16.296296296296298,15.195195195195197,19.879678986280368
627,10.370370370370367,15.315315315315317,5.602277935679145
628,-23.263263263263262,15.435435435435437,12.20828793741897
629,2.2822822822822815,15.555555555555557,21.48218645960433
630,31.111111111111114,15.675675675675677,9.203340732535796
631,-2.3623623623623615,15.795795795795797,9.473144661176114
632,-13.893893893893893,15.915915915915917,21.058503596431805
633,-1.641641641641641,16.036036036036037,6.269284659789905
634,35.91591591591592,16.156156156156158,23.440016966510406
635,34.7947947947948,16.276276276276278,25.028366019135362
636,-12.452452452452452,16.396396396396398,20.482147893631524
637,-28.86886886886887,16.516516516516518,24.553560301741317
638,-4.924924924924923,16.636636636636638,7.866633196946758
639,18.45845845845846,16.756756756756758,22.04901213688094
640,-22.862862862862862,16.876876876876878,8.66770452881391
641,-24.784784784784783,16.996996996996998,27.58118936450385
642,7.087087087087085,17.117117117117118,21.873514070488806
643,9.009009009009006,17.237237237237238,9.687345322335073
644,-23.983983983983983,17.35735735735736,21.994766722134525
645,37.35735735735736,17.47747747747748,26.337513491939603
646,-11.17117117117117,17.5975975975976,27.47967514454439
647,16.536536536536538,17.71771771771772,24.70258819392673
648,-35.5955955955956,17.83783783783784,8.646440219117087
649,-31.19119119119119,17.95795795795796,22.100320175915552
650,-6.286286286286284,18.07807807807808,10.779868756223392
651,-36.55655655655656,18.1981981981982,13.89068282349795
652,-39.27927927927928,18.31831831831832,21.64972485054053
653,-16.136136136136138,18.43843843843844,14.706344518610088
654,-16.216216216216218,18.55855855855856,14.798439731438036
655,4.364364364364363,18.67867867867868,27.396343653986428
656,19.65965965965966,18.7987987987988,34.25346986367548
657,-22.3023023023023,18.91891891891892,11.598300065139227
658,29.749749749749753,19.03903903903904,13.367454462845464
659,-11.33133133133133,19.15915915915916,29.352242486835348
660,-0.6806806806806804,19.27927927927928,17.18548011577907
661,-33.913913913913916,19.3993993993994,14.988168846853835
662,2.4424424424424416,19.51951951951952,30.66925606646217
663,31.511511511511515,19.63963963963964,26.27812481728679
664,1.2412412412412408,19.75975975975976,31.168534630971575
665,-3.7237237237237224,19.87987987987988,12.130038674370862
666,9.569569569569566,20.0,12.878231571763925
667,-38.87887887887888,20.12012012012012,19.906674839459345
668,18.21821821821822,20.24024024024024,29.662893482093878
669,22.862862862862862,20.36036036036036,31.741281066204856
670,-34.7947947947948,20.48048048048048,16.217275256190916
671,-36.7967967967968,20.6006006006006,21.062226060837407
672,12.612612612612615,20.72072072072072,19.633884698823337
673,30.790790790790794,20.84084084084084,19.730144114990775
674,-8.76876876876877,20.96096096096096,32.77546744977204
675,28.628628628628633,21.08108108108108,20.095525841254364
676,5.565565565565564,21.2012012012012,31.935686572448788
677,-24.464464464464463,21.32132132132132,33.153584269475274
678,-39.75975975975976,21.44144144144144,32.651351688634065
679,20.06006006006006,21.56156156156156,34.97603547854939
680,7.407407407407405,21.68168168168168,30.612802958892132
681,-15.815815815815817,21.8018018018018,28.00074250735869
682,-26.466466466466464,21.92192192192192,38.24631291205448
683,7.807807807807805,22.04204204204204,26.7508848751526
684,-0.4404404404404403,22.16216216216216,24.456575724147065
685,-16.856856856856858,22.28228228228228,19.309892016740342
686,28.308308308308312,22.4024024024024,20.03933334324867
687,-35.03503503503504,22.52252252252252,22.754467864617677
688,19.81981981981982,22.64264264264264,41.29352431795218
689,-39.51951951951952,22.762762762762762,35.537677081098764
690,20.86086086086086,22.882882882882882,41.50422079373614
691,-15.895895895895897,23.003003003003002,28.4855549405185
692,-16.376376376376378,23.123123123123122,24.78390655356021
693,38.07807807807808,23.243243243243242,45.7665195516019
694,-14.214214214214213,23.363363363363362,43.39815250881947
695,39.35935935935936,23.483483483483482,30.300396584496685
696,29.429429429429433,23.603603603603602,25.680219898705772
697,-28.06806806806807,23.723723723723722,41.23070501342823
698,-13.253253253253252,23.843843843843842,39.74994889285277
699,0.7607607607607605,23.963963963963963,44.3305666644866
700,3.083083083083082,24.084084084084083,40.504491102327
701,17.65765765765766,24.204204204204203,45.75410927694064
702,17.81781781781782,24.324324324324323,45.01177027717725
703,10.290290290290287,24.444444444444443,30.998829404252696
704,20.94094094094094,24.564564564564563,40.84930594345944
705,3.8838838838838825,24.684684684684683,44.70742030423128
706,6.606606606606604,24.804804804804803,50.51542751485628
707,-30.07007007007007,24.924924924924923,46.883779676180716
708,24.62462462462463,25.045045045045043,29.86936076304956
709,-26.786786786786784,25.165165165165163,43.928219530043755
710,27.10710710710711,25.285285285285283,29.515868027882775
711,-8.368368368368369,25.405405405405403,45.79987110279374
712,-13.173173173173172,25.525525525525524,44.53079572131517
713,7.567567567567565,25.645645645645644,40.133452152553154
714,-8.68868868868869,25.765765765765764,46.173395049326714
715,25.66566566566567,25.885885885885884,30.995181133076677
716,-30.39039039039039,26.006006006006004,50.096545100713435
717,15.175175175175177,26.126126126126124,38.25189993790544
718,39.1991991991992,26.246246246246244,42.56227753680667
719,37.1971971971972,26.366366366366364,49.253609123628785
720,-1.8018018018018012,26.486486486486484,34.16835697473511
721,-2.2022022022022014,26.606606606606604,39.673372140533026
722,-25.985985985985984,26.726726726726724,47.74530735280412
723,39.91991991991992,26.846846846846844,35.05280981447381
724,31.751751751751755,26.966966966966964,48.6689941562057
725,18.37837837837838,27.087087087087085,49.40852147110026
726,26.30630630630631,27.207207207207205,38.27354586456723
727,-35.995995995996,27.327327327327325,36.97098395478228
728,10.610610610610607,27.447447447447445,38.42326074454874
729,22.22222222222222,27.567567567567565,54.0758372321168
730,30.470470470470474,27.687687687687685,37.843214576760104
731,19.41941941941942,27.807807807807805,55.38558846418027
732,6.366366366366364,27.927927927927925,57.47865254557783
733,2.922922922922922,28.048048048048045,52.91611037113869
734,-21.74174174174174,28.168168168168165,40.15082490892375
735,-33.593593593593596,28.288288288288285,40.20296125403701
736,20.46046046046046,28.408408408408405,56.96118815503464
737,8.128128128128125,28.528528528528525,43.96765917337536
738,-25.905905905905904,28.648648648648646,53.50561973816298
739,-23.103103103103102,28.768768768768766,45.411446630217135
740,-11.891891891891891,28.888888888888886,60.143804374766916
741,3.003003003003002,29.009009009009006,58.6803130620768
742,27.507507507507512,29.129129129129126,42.09190499825857
743,14.614614614614617,29.249249249249246,41.29615944030173
744,30.150150150150154,29.369369369369366,41.98545632897234
745,-26.546546546546544,29.489489489489486,60.26701036840315
746,-22.782782782782782,29.609609609609606,47.19633918642406
747,-0.040040040040040026,29.729729729729726,54.2365543917559
748,0.6006006006006004,29.849849849849846,61.788926425382606
749,33.433433433433436,29.969969969969966,61.337243225043764
750,-24.544544544544543,30.090090090090087,63.39946655049055
751,16.056056056056057,30.210210210210207,59.602466540648074
752,-18.6986986986987,30.330330330330327,49.385498656208014
753,27.747747747747752,30.450450450450447,47.065530863324405
754,3.403403403403402,30.570570570570567,64.04220051671416
755,-31.11111111111111,30.690690690690687,58.74788607230343
756,12.452452452452455,30.810810810810807,47.68749876982335
757,21.98198198198198,30.930930930930927,67.5545754495014
758,6.686686686686684,31.051051051051047,66.04153257101758
759,12.052052052052055,31.171171171171167,51.645506573056664
760,35.35535535535536,31.291291291291287,66.01930929616422
761,35.67567567567568,31.411411411411407,67.81193255035612
762,-2.922922922922922,31.531531531531527,53.571364411929444
763,3.6436436436436423,31.651651651651648,71.04378705927361
764,33.833833833833836,31.771771771771768,65.65322350932793
765,5.4854854854854835,31.891891891891888,68.18816225433375
766,29.269269269269273,32.01201201201201,53.2499391961422
767,0.6806806806806804,32.13213213213213,71.12758827007596
768,-24.224224224224223,32.25225225225225,70.51066009782953
769,-32.872872872872875,32.37237237237237,55.72021698528165
770,-20.14014014014014,32.49249249249249,55.32348549477554
771,31.591591591591595,32.61261261261261,64.56196569528689
772,22.54254254254254,32.73273273273273,75.74482511003636
773,3.5635635635635623,32.85285285285285,74.12576398469511
774,-38.63863863863864,32.97297297297297,58.17092099003325
775,6.126126126126124,33.09309309309309,73.97596477750042
776,37.75775775775776,33.21321321321321,74.08929480902827
777,38.55855855855856,33.33333333333333,76.14966325132376
778,11.811811811811815,33.45345345345345,58.69488418447822
779,-10.29029029029029,33.57357357357357,74.16180868658483
780,-23.743743743743742,33.69369369369369,72.17545904142212
781,30.070070070070074,33.81381381381381,58.17903365224074
782,10.130130130130127,33.93393393393393,63.34783476930566
783,28.228228228228232,34.05405405405405,62.377901247571074
784,14.374374374374376,34.17417417417417,62.49058676656499
785,-33.353353353353356,34.29429429429429,63.57845373559935
786,-21.9019019019019,34.41441441441441,62.71639815831979
787,-10.85085085085085,34.53453453453453,77.73498067961866
788,-38.55855855855856,34.65465465465465,62.35617851084969
789,-3.5635635635635623,34.77477477477477,65.41910576097983
790,9.169169169169166,34.89489489489489,63.009748097565854
791,31.191191191191194,35.01501501501501,67.94583530173462
792,4.524524524524523,35.13513513513513,81.50233912922273
793,0.2802802802802802,35.25525525525525,77.14368861222198
794,7.167167167167165,35.37537537537537,81.23200001945968
795,18.85885885885886,35.49549549549549,84.05934185126969
796,1.641641641641641,35.61561561561561,86.76278657993491
797,28.948948948948953,35.73573573573573,72.0351989330599
798,-6.606606606606604,35.85585585585585,67.68192096696654
799,13.813813813813816,35.97597597597597,67.48169589051987
800,13.013013013013015,36.09609609609609,72.88114276112523
801,-26.066066066066064,36.21621621621621,85.95341685462398
802,-39.5995995995996,36.33633633633633,84.43568330856473
803,8.608608608608606,36.45645645645645,76.16163719344625
804,-15.495495495495497,36.57657657657657,81.84857975421839
805,-16.296296296296298,36.69669669669669,74.50904144790515
806,-27.58758758758759,36.81681681681681,90.4756000670766
807,-33.193193193193196,36.93693693693693,74.01312051231214
808,-16.536536536536538,37.05705705705705,73.12918768136367
809,-39.83983983983984,37.17717717717717,91.42449437281165
810,-5.885885885885884,37.29729729729729,75.37827618324307
811,-8.448448448448449,37.41741741741741,95.0860864472435
812,29.109109109109113,37.53753753753753,76.27980041648621
813,-8.048048048048049,37.65765765765765,87.7179779256766
814,26.78678678678679,37.77777777777777,80.33840569837551
815,25.26526526526527,37.89789789789789,76.98944625767393
816,-36.15615615615616,38.01801801801801,78.49055358269212
817,3.7237237237237224,38.13813813813813,95.05478287829514
818,21.26126126126126,38.25825825825825,93.61421915664702
819,21.9019019019019,38.37837837837837,99.79494605208482
820,10.930930930930927,38.49849849849849,81.62027089325981
821,26.62662662662663,38.61861861861861,85.48789144495547
822,28.388388388388393,38.73873873873873,83.4771416869211
823,8.528528528528525,38.85885885885885,83.14374022641202
824,-38.15815815815816,38.97897897897897,82.4852523187575
825,21.34134134134134,39.09909909909909,98.67209634120069
826,24.14414414414415,39.21921921921921,84.5773689470442
827,-5.4854854854854835,39.33933933933933,87.68468198296995
828,-11.491491491491491,39.45945945945945,101.3894695198543
829,4.604604604604603,39.57957957957957,100.83279531416967
830,11.411411411411414,39.69969969969969,87.47529634268271
831,36.71671671671672,39.81981981981981,103.01159036781081
832,-38.7987987987988,39.93993993993993,91.45209767599083
833,-29.34934934934935,40.06006006006005,103.32028269371148
834,-12.052052052052051,40.18018018018017,106.78696248779073
835,15.095095095095097,40.30030030030029,90.51552946303265
836,17.25725725725726,40.42042042042041,107.30549977654034
837,-11.25125125125125,40.54054054054053,106.43632130078414
838,15.015015015015017,40.66066066066065,90.77438281147666
839,-4.684684684684683,40.78078078078077,93.6940708720372
840,16.696696696696698,40.90090090090089,111.40153982662811
841,-4.524524524524523,41.021021021021014,93.84435238855129
842,-29.82982982982983,41.141141141141134,109.53924388941304
843,2.6026026026026017,41.261261261261254,113.04015367660101
844,18.6986986986987,41.381381381381374,110.16476713912128
845,-16.056056056056057,41.501501501501494,99.15405782229425
846,-15.175175175175177,41.621621621621614,107.73737159793127
847,34.154154154154156,41.741741741741734,113.2381032531957
848,-10.69069069069069,41.861861861861854,112.39595222402791
849,-1.481481481481481,41.981981981981974,97.03686094081564
850,28.068068068068072,42.102102102102094,100.1408578231264
851,-4.444444444444443,42.222222222222214,98.35863914392664
852,-12.532532532532532,42.342342342342334,117.12819141243645
853,0.9209209209209206,42.462462462462454,118.96108099021272
854,25.10510510510511,42.58258258258259,97.9597411255135
855,-24.704704704704703,42.70270270270271,117.50234935543128
856,-9.64964964964965,42.82282282282283,115.22971168519196
857,-27.50750750750751,42.94294294294295,120.35801383343717
858,3.243243243243242,43.06306306306307,119.01034462074949
859,35.11511511511512,43.18318318318319,119.14223097082842
860,-22.06206206206206,43.30330330330331,103.1677853196537
861,-15.975975975975977,43.42342342342343,110.90512986018582
862,-26.946946946946944,43.54354354354355,121.86709182559952
863,-7.967967967967965,43.66366366366367,115.85662260275912
864,21.02102102102102,43.78378378378379,123.1185440030582
865,-2.2822822822822815,43.90390390390391,107.18467991763949
866,31.031031031031034,44.02402402402403,113.35144028462067
867,-27.027027027027025,44.14414414414415,128.1715712727953
868,32.552552552552555,44.26426426426427,127.4645789084546
869,-39.91991991991992,44.38438438438439,123.85313338970377
870,5.805805805805804,44.50450450450451,125.10251831268668
871,-13.733733733733732,44.62462462462463,126.75200474053483
872,-8.208208208208209,44.74474474474475,119.15034756513583
873,23.183183183183182,44.86486486486487,124.13970158754098
874,-35.11511511511512,44.98498498498499,113.64031815392634
875,-15.335335335335337,45.10510510510511,124.35912021616377
876,37.997997997998,45.22522522522523,130.8609800990071
877,1.0810810810810807,45.34534534534535,132.41435078196415
878,-19.73973973973974,45.46546546546547,113.31044768659254
879,-35.67567567567568,45.58558558558559,115.14622223057667
880,-27.98798798798799,45.70570570570571,132.820142329318
881,17.8978978978979,45.82582582582583,131.1900548693822
882,30.630630630630634,45.94594594594595,121.86263197270534
883,23.823823823823822,46.06606606606607,125.7989100142414
884,-5.4054054054054035,46.18618618618619,121.65805135091067
885,38.23823823823824,46.30630630630631,137.52902816925297
886,35.27527527527528,46.42642642642643,137.47001282698895
887,-5.085085085085083,46.54654654654655,122.74405626386286
888,-37.27727727727728,46.66666666666667,119.2250876405439
889,12.692692692692695,46.78678678678679,125.28873922233572
890,36.95695695695696,46.90690690690691,138.35933445332205
891,10.050050050050046,47.02702702702703,125.79531826236646
892,-6.446446446446444,47.14714714714715,123.71372323099584
893,37.43743743743744,47.26726726726727,143.86532178766663
894,4.044044044044043,47.38738738738739,140.80839473749023
895,15.335335335335337,47.50750750750751,131.61009722915836
896,26.86686686686687,47.62762762762763,128.75685066373168
897,21.1011011011011,47.74774774774775,141.95707129981557
898,34.87487487487488,47.86786786786787,148.32407278888488
899,17.097097097097098,47.98798798798799,146.86684445505085
900,-15.015015015015017,48.10810810810811,145.35150291763867
901,4.204204204204203,48.22822822822823,150.39396714433033
902,-22.14214214214214,48.34834834834835,130.05899525837228
903,-1.0010010010010006,48.46846846846847,131.4829134154488
904,13.093093093093096,48.58858858858859,134.8561015234433
905,-4.364364364364363,48.70870870870871,135.0780426438707
906,-1.721721721721721,48.82882882882883,133.41864765580453
907,-33.673673673673676,48.94894894894895,138.39807095078163
908,30.390390390390394,49.06906906906907,137.36902972923232
909,14.934934934934937,49.18918918918919,139.44619215859797
910,23.983983983983983,49.30930930930931,140.4355814567896
911,39.51951951951952,49.42942942942943,145.48400994767576
912,0.4404404404404403,49.54954954954955,150.52663437006893
913,-21.98198198198198,49.66966966966967,140.00780495702574
914,-4.844844844844843,49.78978978978979,140.92446160384628
915,-31.91191191191191,49.90990990990991,146.33779708383068
916,-27.74774774774775,50.030030030030034,159.24119004064863
917,12.932932932932935,50.150150150150154,143.61415427235542
918,-34.95495495495496,50.270270270270274,142.97860851274046
919,-36.07607607607608,50.390390390390394,144.5528344153374
920,-7.887887887887885,50.510510510510514,152.63179010688205
921,30.710710710710714,50.630630630630634,148.52354506613221
922,-20.22022022022022,50.750750750750754,146.70095030864334
923,38.3983983983984,50.870870870870874,165.0888383783856
924,-28.30830830830831,50.990990990990994,166.21701861124234
925,39.11911911911912,51.111111111111114,160.841551930193
926,-32.632632632632635,51.231231231231234,149.41550211150738
927,32.472472472472475,51.351351351351354,169.08509242705932
928,-6.526526526526524,51.471471471471475,151.3600161975717
929,-18.45845845845846,51.591591591591595,152.51495232125157
930,35.5955955955956,51.711711711711715,170.2226540660909
931,1.401401401401401,51.831831831831835,172.00459210310026
932,-12.692692692692692,51.951951951951955,168.77922131990925
933,-20.78078078078078,52.072072072072075,156.46333869524216
934,19.4994994994995,52.192192192192195,173.21972856970976
935,-28.94894894894895,52.312312312312315,170.61530628002183
936,-12.212212212212211,52.432432432432435,171.6818185776539
937,-7.407407407407405,52.552552552552555,159.07116166095776
938,-18.13813813813814,52.672672672672675,157.5487809438244
939,1.0010010010010006,52.792792792792795,174.73711264242675
940,-1.1611611611611607,52.912912912912915,157.9894733854621
941,-4.764764764764763,53.033033033033036,160.71083690833987
942,21.66166166166166,53.153153153153156,176.27526875446623
943,6.206206206206204,53.273273273273276,179.6498342782274
944,31.431431431431434,53.393393393393396,170.30037288095255
945,-7.647647647647645,53.513513513513516,169.68153873233075
946,-27.107107107107105,53.633633633633636,179.41605838521315
947,11.651651651651655,53.753753753753756,168.55069085317842
948,-19.57957957957958,53.873873873873876,168.48166052506127
949,36.7967967967968,53.993993993993996,183.3466064444161
950,12.852852852852855,54.114114114114116,169.94449142891676
951,-13.013013013013012,54.234234234234236,182.2261515739489
952,34.074074074074076,54.354354354354356,184.2159250633919
953,32.712712712712715,54.474474474474476,186.933851060457
954,2.0420420420420413,54.5945945945946,186.8282814357806
955,1.3213213213213209,54.71471471471472,190.82425993547116
956,33.593593593593596,54.83483483483484,189.50189711695424
957,4.844844844844843,54.95495495495496,187.42547841202784
958,8.928928928928926,55.07507507507508,176.2587116054083
959,-38.31831831831832,55.1951951951952,171.5625743384134
960,-37.5975975975976,55.31531531531532,177.36077261830317
961,2.3623623623623615,55.43543543543544,191.81661686407546
962,27.18718718718719,55.55555555555556,176.53085356997647
963,-3.163163163163162,55.67567567567568,178.3241216208146
964,33.993993993993996,55.7957957957958,190.557742911157
965,-34.63463463463464,55.91591591591592,183.06270803693752
966,10.530530530530527,56.03603603603604,180.91172339375808
967,-36.87687687687688,56.15615615615616,181.17793177390087
968,-28.78878878878879,56.27627627627628,199.22142262614508
969,37.11711711711712,56.3963963963964,197.38312750117083
970,33.033033033033036,56.51651651651652,201.64610681650882
971,21.18118118118118,56.63663663663664,200.3376503057143
972,27.347347347347352,56.75675675675676,189.26084098583078
973,20.3003003003003,56.87687687687688,202.253709425108
974,38.71871871871872,56.996996996997,200.30740296605398
975,17.41741741741742,57.11711711711712,203.3511482807359
976,37.83783783783784,57.23723723723724,207.86498126457465
977,17.017017017017018,57.35735735735736,208.05800644331308
978,-12.612612612612612,57.47747747747748,206.56354199177284
979,-18.61861861861862,57.5975975975976,191.9944225528834
980,-10.21021021021021,57.71771771771772,210.28479973277535
981,8.768768768768766,57.83783783783784,190.6452166000822
982,-14.934934934934937,57.95795795795796,208.4096324820276
983,-35.83583583583584,58.07807807807808,191.16769063490278
984,16.216216216216218,58.1981981981982,207.4549750014504
985,25.58558558558559,58.31831831831832,197.35556312386754
986,23.103103103103102,58.43843843843844,209.89838249573182
987,13.733733733733736,58.55855855855856,194.82614933358687
988,-3.8838838838838825,58.67867867867868,196.26842702302127
989,20.22022022022022,58.7987987987988,217.20760362628198
990,-3.083083083083082,58.91891891891892,202.61226281321512
991,14.294294294294296,59.03903903903904,199.92449095728554
992,20.7007007007007,59.15915915915916,219.25462821816237
993,4.284284284284283,59.27927927927928,218.9060019650956
994,28.148148148148152,59.3993993993994,206.0390197423642
995,-2.842842842842842,59.51951951951952,204.2791724743069
996,4.444444444444443,59.63963963963964,221.5106706652448
997,-24.144144144144143,59.75975975975976,222.3732891933624
998,33.273273273273276,59.87987987987988,222.9410890187261
999,-39.11911911911912,60.0,215.03409480681452
